[2026-02-21T09:48:23.129+0000] {local_task_job_runner.py:123} INFO - ::group::Pre task execution logs
[2026-02-21T09:48:23.135+0000] {taskinstance.py:2614} INFO - Dependencies all met for dep_context=non-requeueable deps ti=<TaskInstance: spark_batch_processing.run_spark_job manual__2026-02-21T09:48:20.537056+00:00 [queued]>
[2026-02-21T09:48:23.138+0000] {taskinstance.py:2614} INFO - Dependencies all met for dep_context=requeueable deps ti=<TaskInstance: spark_batch_processing.run_spark_job manual__2026-02-21T09:48:20.537056+00:00 [queued]>
[2026-02-21T09:48:23.139+0000] {taskinstance.py:2867} INFO - Starting attempt 1 of 1
[2026-02-21T09:48:23.147+0000] {taskinstance.py:2890} INFO - Executing <Task(SparkSubmitOperator): run_spark_job> on 2026-02-21 09:48:20.537056+00:00
[2026-02-21T09:48:23.152+0000] {standard_task_runner.py:72} INFO - Started process 316 to run task
[2026-02-21T09:48:23.156+0000] {standard_task_runner.py:104} INFO - Running: ['airflow', 'tasks', 'run', 'spark_batch_processing', 'run_spark_job', 'manual__2026-02-21T09:48:20.537056+00:00', '--job-id', '3', '--raw', '--subdir', 'DAGS_FOLDER/spark_batch_dag.py', '--cfg-path', '/tmp/tmp69qcawuv']
[2026-02-21T09:48:23.157+0000] {standard_task_runner.py:105} INFO - Job 3: Subtask run_spark_job
[2026-02-21T09:48:23.187+0000] {task_command.py:467} INFO - Running <TaskInstance: spark_batch_processing.run_spark_job manual__2026-02-21T09:48:20.537056+00:00 [running]> on host ee2abc333d3f
[2026-02-21T09:48:23.228+0000] {taskinstance.py:3134} INFO - Exporting env vars: AIRFLOW_CTX_DAG_OWNER='airflow' AIRFLOW_CTX_DAG_ID='spark_batch_processing' AIRFLOW_CTX_TASK_ID='run_spark_job' AIRFLOW_CTX_EXECUTION_DATE='2026-02-21T09:48:20.537056+00:00' AIRFLOW_CTX_TRY_NUMBER='1' AIRFLOW_CTX_DAG_RUN_ID='manual__2026-02-21T09:48:20.537056+00:00'
[2026-02-21T09:48:23.229+0000] {taskinstance.py:732} INFO - ::endgroup::
[2026-02-21T09:48:23.279+0000] {base.py:84} INFO - Retrieving connection 'spark_default'
[2026-02-21T09:48:23.280+0000] {spark_submit.py:474} INFO - Spark-Submit cmd: spark-submit --master spark://spark-master-sbp:7077 --conf spark.master=spark://spark-master-sbp:7077 --name arrow-spark --verbose /opt/airflow/spark_jobs/batch_processing.py
[2026-02-21T09:48:23.348+0000] {spark_submit.py:641} INFO - /home/airflow/.local/lib/python3.11/site-packages/pyspark/bin/load-spark-env.sh: line 68: ps: command not found
[2026-02-21T09:48:24.673+0000] {spark_submit.py:641} INFO - Using properties file: null
[2026-02-21T09:48:24.806+0000] {spark_submit.py:641} INFO - Parsed arguments:
[2026-02-21T09:48:24.807+0000] {spark_submit.py:641} INFO - master                  spark://spark-master-sbp:7077
[2026-02-21T09:48:24.807+0000] {spark_submit.py:641} INFO - remote                  null
[2026-02-21T09:48:24.807+0000] {spark_submit.py:641} INFO - deployMode              null
[2026-02-21T09:48:24.807+0000] {spark_submit.py:641} INFO - executorMemory          null
[2026-02-21T09:48:24.807+0000] {spark_submit.py:641} INFO - executorCores           null
[2026-02-21T09:48:24.807+0000] {spark_submit.py:641} INFO - totalExecutorCores      null
[2026-02-21T09:48:24.807+0000] {spark_submit.py:641} INFO - propertiesFile          null
[2026-02-21T09:48:24.807+0000] {spark_submit.py:641} INFO - driverMemory            null
[2026-02-21T09:48:24.807+0000] {spark_submit.py:641} INFO - driverCores             null
[2026-02-21T09:48:24.807+0000] {spark_submit.py:641} INFO - driverExtraClassPath    null
[2026-02-21T09:48:24.807+0000] {spark_submit.py:641} INFO - driverExtraLibraryPath  null
[2026-02-21T09:48:24.807+0000] {spark_submit.py:641} INFO - driverExtraJavaOptions  null
[2026-02-21T09:48:24.807+0000] {spark_submit.py:641} INFO - supervise               false
[2026-02-21T09:48:24.807+0000] {spark_submit.py:641} INFO - queue                   null
[2026-02-21T09:48:24.807+0000] {spark_submit.py:641} INFO - numExecutors            null
[2026-02-21T09:48:24.808+0000] {spark_submit.py:641} INFO - files                   null
[2026-02-21T09:48:24.808+0000] {spark_submit.py:641} INFO - pyFiles                 null
[2026-02-21T09:48:24.808+0000] {spark_submit.py:641} INFO - archives                null
[2026-02-21T09:48:24.808+0000] {spark_submit.py:641} INFO - mainClass               null
[2026-02-21T09:48:24.808+0000] {spark_submit.py:641} INFO - primaryResource         file:/opt/airflow/spark_jobs/batch_processing.py
[2026-02-21T09:48:24.808+0000] {spark_submit.py:641} INFO - name                    arrow-spark
[2026-02-21T09:48:24.808+0000] {spark_submit.py:641} INFO - childArgs               []
[2026-02-21T09:48:24.808+0000] {spark_submit.py:641} INFO - jars                    null
[2026-02-21T09:48:24.808+0000] {spark_submit.py:641} INFO - packages                null
[2026-02-21T09:48:24.808+0000] {spark_submit.py:641} INFO - packagesExclusions      null
[2026-02-21T09:48:24.808+0000] {spark_submit.py:641} INFO - repositories            null
[2026-02-21T09:48:24.808+0000] {spark_submit.py:641} INFO - verbose                 true
[2026-02-21T09:48:24.808+0000] {spark_submit.py:641} INFO - 
[2026-02-21T09:48:24.808+0000] {spark_submit.py:641} INFO - Spark properties used, including those specified through
[2026-02-21T09:48:24.808+0000] {spark_submit.py:641} INFO - --conf and those from the properties file null:
[2026-02-21T09:48:24.808+0000] {spark_submit.py:641} INFO - (spark.master,spark://spark-master-sbp:7077)
[2026-02-21T09:48:24.808+0000] {spark_submit.py:641} INFO - 
[2026-02-21T09:48:24.808+0000] {spark_submit.py:641} INFO - 
[2026-02-21T09:48:25.134+0000] {spark_submit.py:641} INFO - Main class:
[2026-02-21T09:48:25.135+0000] {spark_submit.py:641} INFO - org.apache.spark.deploy.PythonRunner
[2026-02-21T09:48:25.135+0000] {spark_submit.py:641} INFO - Arguments:
[2026-02-21T09:48:25.135+0000] {spark_submit.py:641} INFO - file:/opt/airflow/spark_jobs/batch_processing.py
[2026-02-21T09:48:25.135+0000] {spark_submit.py:641} INFO - null
[2026-02-21T09:48:25.137+0000] {spark_submit.py:641} INFO - Spark config:
[2026-02-21T09:48:25.137+0000] {spark_submit.py:641} INFO - (spark.app.name,arrow-spark)
[2026-02-21T09:48:25.137+0000] {spark_submit.py:641} INFO - (spark.app.submitTime,1771667305119)
[2026-02-21T09:48:25.137+0000] {spark_submit.py:641} INFO - (spark.master,spark://spark-master-sbp:7077)
[2026-02-21T09:48:25.137+0000] {spark_submit.py:641} INFO - (spark.submit.deployMode,client)
[2026-02-21T09:48:25.138+0000] {spark_submit.py:641} INFO - (spark.submit.pyFiles,)
[2026-02-21T09:48:25.138+0000] {spark_submit.py:641} INFO - Classpath elements:
[2026-02-21T09:48:25.138+0000] {spark_submit.py:641} INFO - 
[2026-02-21T09:48:25.138+0000] {spark_submit.py:641} INFO - 
[2026-02-21T09:48:25.138+0000] {spark_submit.py:641} INFO - 
[2026-02-21T09:48:25.969+0000] {spark_submit.py:641} INFO - 26/02/21 09:48:25 INFO SparkContext: Running Spark version 3.5.4
[2026-02-21T09:48:25.971+0000] {spark_submit.py:641} INFO - 26/02/21 09:48:25 INFO SparkContext: OS info Linux, 6.6.87.2-microsoft-standard-WSL2, amd64
[2026-02-21T09:48:25.971+0000] {spark_submit.py:641} INFO - 26/02/21 09:48:25 INFO SparkContext: Java version 17.0.18
[2026-02-21T09:48:26.031+0000] {spark_submit.py:641} INFO - 26/02/21 09:48:26 WARN NativeCodeLoader: Unable to load native-hadoop library for your platform... using builtin-java classes where applicable
[2026-02-21T09:48:26.110+0000] {spark_submit.py:641} INFO - 26/02/21 09:48:26 INFO ResourceUtils: ==============================================================
[2026-02-21T09:48:26.110+0000] {spark_submit.py:641} INFO - 26/02/21 09:48:26 INFO ResourceUtils: No custom resources configured for spark.driver.
[2026-02-21T09:48:26.110+0000] {spark_submit.py:641} INFO - 26/02/21 09:48:26 INFO ResourceUtils: ==============================================================
[2026-02-21T09:48:26.111+0000] {spark_submit.py:641} INFO - 26/02/21 09:48:26 INFO SparkContext: Submitted application: BatchProcessingAssignment
[2026-02-21T09:48:26.130+0000] {spark_submit.py:641} INFO - 26/02/21 09:48:26 INFO ResourceProfile: Default ResourceProfile created, executor resources: Map(memory -> name: memory, amount: 1024, script: , vendor: , offHeap -> name: offHeap, amount: 0, script: , vendor: ), task resources: Map(cpus -> name: cpus, amount: 1.0)
[2026-02-21T09:48:26.136+0000] {spark_submit.py:641} INFO - 26/02/21 09:48:26 INFO ResourceProfile: Limiting resource is cpu
[2026-02-21T09:48:26.137+0000] {spark_submit.py:641} INFO - 26/02/21 09:48:26 INFO ResourceProfileManager: Added ResourceProfile id: 0
[2026-02-21T09:48:26.194+0000] {spark_submit.py:641} INFO - 26/02/21 09:48:26 INFO SecurityManager: Changing view acls to: airflow
[2026-02-21T09:48:26.195+0000] {spark_submit.py:641} INFO - 26/02/21 09:48:26 INFO SecurityManager: Changing modify acls to: airflow
[2026-02-21T09:48:26.195+0000] {spark_submit.py:641} INFO - 26/02/21 09:48:26 INFO SecurityManager: Changing view acls groups to:
[2026-02-21T09:48:26.195+0000] {spark_submit.py:641} INFO - 26/02/21 09:48:26 INFO SecurityManager: Changing modify acls groups to:
[2026-02-21T09:48:26.195+0000] {spark_submit.py:641} INFO - 26/02/21 09:48:26 INFO SecurityManager: SecurityManager: authentication disabled; ui acls disabled; users with view permissions: airflow; groups with view permissions: EMPTY; users with modify permissions: airflow; groups with modify permissions: EMPTY
[2026-02-21T09:48:26.386+0000] {spark_submit.py:641} INFO - 26/02/21 09:48:26 INFO Utils: Successfully started service 'sparkDriver' on port 41133.
[2026-02-21T09:48:26.416+0000] {spark_submit.py:641} INFO - 26/02/21 09:48:26 INFO SparkEnv: Registering MapOutputTracker
[2026-02-21T09:48:26.449+0000] {spark_submit.py:641} INFO - 26/02/21 09:48:26 INFO SparkEnv: Registering BlockManagerMaster
[2026-02-21T09:48:26.467+0000] {spark_submit.py:641} INFO - 26/02/21 09:48:26 INFO BlockManagerMasterEndpoint: Using org.apache.spark.storage.DefaultTopologyMapper for getting topology information
[2026-02-21T09:48:26.467+0000] {spark_submit.py:641} INFO - 26/02/21 09:48:26 INFO BlockManagerMasterEndpoint: BlockManagerMasterEndpoint up
[2026-02-21T09:48:26.471+0000] {spark_submit.py:641} INFO - 26/02/21 09:48:26 INFO SparkEnv: Registering BlockManagerMasterHeartbeat
[2026-02-21T09:48:26.489+0000] {spark_submit.py:641} INFO - 26/02/21 09:48:26 INFO DiskBlockManager: Created local directory at /tmp/blockmgr-db52e54e-e64b-450d-adaf-513ae8567c10
[2026-02-21T09:48:26.501+0000] {spark_submit.py:641} INFO - 26/02/21 09:48:26 INFO MemoryStore: MemoryStore started with capacity 434.4 MiB
[2026-02-21T09:48:26.514+0000] {spark_submit.py:641} INFO - 26/02/21 09:48:26 INFO SparkEnv: Registering OutputCommitCoordinator
[2026-02-21T09:48:26.648+0000] {spark_submit.py:641} INFO - 26/02/21 09:48:26 INFO JettyUtils: Start Jetty 0.0.0.0:4040 for SparkUI
[2026-02-21T09:48:26.717+0000] {spark_submit.py:641} INFO - 26/02/21 09:48:26 INFO Utils: Successfully started service 'SparkUI' on port 4040.
[2026-02-21T09:48:26.819+0000] {spark_submit.py:641} INFO - 26/02/21 09:48:26 INFO StandaloneAppClient$ClientEndpoint: Connecting to master spark://spark-master-sbp:7077...
[2026-02-21T09:48:26.858+0000] {spark_submit.py:641} INFO - 26/02/21 09:48:26 INFO TransportClientFactory: Successfully created connection to spark-master-sbp/172.24.0.2:7077 after 19 ms (0 ms spent in bootstraps)
[2026-02-21T09:48:27.033+0000] {spark_submit.py:641} INFO - 26/02/21 09:48:27 INFO StandaloneSchedulerBackend: Connected to Spark cluster with app ID app-20260221094827-0000
[2026-02-21T09:48:27.041+0000] {spark_submit.py:641} INFO - 26/02/21 09:48:27 INFO Utils: Successfully started service 'org.apache.spark.network.netty.NettyBlockTransferService' on port 34543.
[2026-02-21T09:48:27.041+0000] {spark_submit.py:641} INFO - 26/02/21 09:48:27 INFO NettyBlockTransferService: Server created on ee2abc333d3f:34543
[2026-02-21T09:48:27.043+0000] {spark_submit.py:641} INFO - 26/02/21 09:48:27 INFO BlockManager: Using org.apache.spark.storage.RandomBlockReplicationPolicy for block replication policy
[2026-02-21T09:48:27.050+0000] {spark_submit.py:641} INFO - 26/02/21 09:48:27 INFO BlockManagerMaster: Registering BlockManager BlockManagerId(driver, ee2abc333d3f, 34543, None)
[2026-02-21T09:48:27.053+0000] {spark_submit.py:641} INFO - 26/02/21 09:48:27 INFO BlockManagerMasterEndpoint: Registering block manager ee2abc333d3f:34543 with 434.4 MiB RAM, BlockManagerId(driver, ee2abc333d3f, 34543, None)
[2026-02-21T09:48:27.056+0000] {spark_submit.py:641} INFO - 26/02/21 09:48:27 INFO BlockManagerMaster: Registered BlockManager BlockManagerId(driver, ee2abc333d3f, 34543, None)
[2026-02-21T09:48:27.057+0000] {spark_submit.py:641} INFO - 26/02/21 09:48:27 INFO BlockManager: Initialized BlockManager: BlockManagerId(driver, ee2abc333d3f, 34543, None)
[2026-02-21T09:48:27.066+0000] {spark_submit.py:641} INFO - 26/02/21 09:48:27 INFO StandaloneAppClient$ClientEndpoint: Executor added: app-20260221094827-0000/0 on worker-20260221093945-172.24.0.3-42401 (172.24.0.3:42401) with 2 core(s)
[2026-02-21T09:48:27.068+0000] {spark_submit.py:641} INFO - 26/02/21 09:48:27 INFO StandaloneSchedulerBackend: Granted executor ID app-20260221094827-0000/0 on hostPort 172.24.0.3:42401 with 2 core(s), 1024.0 MiB RAM
[2026-02-21T09:48:27.221+0000] {spark_submit.py:641} INFO - 26/02/21 09:48:27 INFO StandaloneSchedulerBackend: SchedulerBackend is ready for scheduling beginning after reached minRegisteredResourcesRatio: 0.0
[2026-02-21T09:48:27.395+0000] {spark_submit.py:641} INFO - Spark Session Started...
[2026-02-21T09:48:27.471+0000] {spark_submit.py:641} INFO - 26/02/21 09:48:27 INFO SharedState: Setting hive.metastore.warehouse.dir ('null') to the value of spark.sql.warehouse.dir.
[2026-02-21T09:48:27.477+0000] {spark_submit.py:641} INFO - 26/02/21 09:48:27 INFO SharedState: Warehouse path is 'file:/opt/airflow/spark-warehouse'.
[2026-02-21T09:48:27.590+0000] {spark_submit.py:641} INFO - 26/02/21 09:48:27 INFO StandaloneAppClient$ClientEndpoint: Executor updated: app-20260221094827-0000/0 is now RUNNING
[2026-02-21T09:48:28.355+0000] {spark_submit.py:641} INFO - 26/02/21 09:48:28 INFO InMemoryFileIndex: It took 42 ms to list leaf files for 1 paths.
[2026-02-21T09:48:28.420+0000] {spark_submit.py:641} INFO - 26/02/21 09:48:28 INFO InMemoryFileIndex: It took 9 ms to list leaf files for 1 paths.
[2026-02-21T09:48:29.841+0000] {spark_submit.py:641} INFO - 26/02/21 09:48:29 INFO StandaloneSchedulerBackend$StandaloneDriverEndpoint: Registered executor NettyRpcEndpointRef(spark-client://Executor) (172.24.0.3:45532) with ID 0,  ResourceProfileId 0
[2026-02-21T09:48:29.909+0000] {spark_submit.py:641} INFO - 26/02/21 09:48:29 INFO BlockManagerMasterEndpoint: Registering block manager 172.24.0.3:36247 with 434.4 MiB RAM, BlockManagerId(0, 172.24.0.3, 36247, None)
[2026-02-21T09:48:30.400+0000] {spark_submit.py:641} INFO - 26/02/21 09:48:30 INFO FileSourceStrategy: Pushed Filters:
[2026-02-21T09:48:30.402+0000] {spark_submit.py:641} INFO - 26/02/21 09:48:30 INFO FileSourceStrategy: Post-Scan Filters: (length(trim(value#0, None)) > 0)
[2026-02-21T09:48:30.818+0000] {spark_submit.py:641} INFO - 26/02/21 09:48:30 INFO CodeGenerator: Code generated in 161.410842 ms
[2026-02-21T09:48:30.862+0000] {spark_submit.py:641} INFO - 26/02/21 09:48:30 INFO MemoryStore: Block broadcast_0 stored as values in memory (estimated size 199.5 KiB, free 434.2 MiB)
[2026-02-21T09:48:30.907+0000] {spark_submit.py:641} INFO - 26/02/21 09:48:30 INFO MemoryStore: Block broadcast_0_piece0 stored as bytes in memory (estimated size 34.3 KiB, free 434.2 MiB)
[2026-02-21T09:48:30.910+0000] {spark_submit.py:641} INFO - 26/02/21 09:48:30 INFO BlockManagerInfo: Added broadcast_0_piece0 in memory on ee2abc333d3f:34543 (size: 34.3 KiB, free: 434.4 MiB)
[2026-02-21T09:48:30.915+0000] {spark_submit.py:641} INFO - 26/02/21 09:48:30 INFO SparkContext: Created broadcast 0 from csv at NativeMethodAccessorImpl.java:0
[2026-02-21T09:48:30.925+0000] {spark_submit.py:641} INFO - 26/02/21 09:48:30 INFO FileSourceScanExec: Planning scan with bin packing, max size: 4194304 bytes, open cost is considered as scanning 4194304 bytes.
[2026-02-21T09:48:31.007+0000] {spark_submit.py:641} INFO - 26/02/21 09:48:31 INFO SparkContext: Starting job: csv at NativeMethodAccessorImpl.java:0
[2026-02-21T09:48:31.020+0000] {spark_submit.py:641} INFO - 26/02/21 09:48:31 INFO DAGScheduler: Got job 0 (csv at NativeMethodAccessorImpl.java:0) with 1 output partitions
[2026-02-21T09:48:31.021+0000] {spark_submit.py:641} INFO - 26/02/21 09:48:31 INFO DAGScheduler: Final stage: ResultStage 0 (csv at NativeMethodAccessorImpl.java:0)
[2026-02-21T09:48:31.021+0000] {spark_submit.py:641} INFO - 26/02/21 09:48:31 INFO DAGScheduler: Parents of final stage: List()
[2026-02-21T09:48:31.022+0000] {spark_submit.py:641} INFO - 26/02/21 09:48:31 INFO DAGScheduler: Missing parents: List()
[2026-02-21T09:48:31.024+0000] {spark_submit.py:641} INFO - 26/02/21 09:48:31 INFO DAGScheduler: Submitting ResultStage 0 (MapPartitionsRDD[3] at csv at NativeMethodAccessorImpl.java:0), which has no missing parents
[2026-02-21T09:48:31.087+0000] {spark_submit.py:641} INFO - 26/02/21 09:48:31 INFO MemoryStore: Block broadcast_1 stored as values in memory (estimated size 13.5 KiB, free 434.2 MiB)
[2026-02-21T09:48:31.097+0000] {spark_submit.py:641} INFO - 26/02/21 09:48:31 INFO MemoryStore: Block broadcast_1_piece0 stored as bytes in memory (estimated size 6.4 KiB, free 434.2 MiB)
[2026-02-21T09:48:31.098+0000] {spark_submit.py:641} INFO - 26/02/21 09:48:31 INFO BlockManagerInfo: Added broadcast_1_piece0 in memory on ee2abc333d3f:34543 (size: 6.4 KiB, free: 434.4 MiB)
[2026-02-21T09:48:31.099+0000] {spark_submit.py:641} INFO - 26/02/21 09:48:31 INFO SparkContext: Created broadcast 1 from broadcast at DAGScheduler.scala:1585
[2026-02-21T09:48:31.115+0000] {spark_submit.py:641} INFO - 26/02/21 09:48:31 INFO DAGScheduler: Submitting 1 missing tasks from ResultStage 0 (MapPartitionsRDD[3] at csv at NativeMethodAccessorImpl.java:0) (first 15 tasks are for partitions Vector(0))
[2026-02-21T09:48:31.116+0000] {spark_submit.py:641} INFO - 26/02/21 09:48:31 INFO TaskSchedulerImpl: Adding task set 0.0 with 1 tasks resource profile 0
[2026-02-21T09:48:31.136+0000] {spark_submit.py:641} INFO - 26/02/21 09:48:31 INFO TaskSetManager: Starting task 0.0 in stage 0.0 (TID 0) (172.24.0.3, executor 0, partition 0, PROCESS_LOCAL, 9601 bytes)
[2026-02-21T09:48:31.356+0000] {spark_submit.py:641} INFO - 26/02/21 09:48:31 INFO BlockManagerInfo: Added broadcast_1_piece0 in memory on 172.24.0.3:36247 (size: 6.4 KiB, free: 434.4 MiB)
[2026-02-21T09:48:32.064+0000] {spark_submit.py:641} INFO - 26/02/21 09:48:32 INFO BlockManagerInfo: Added broadcast_0_piece0 in memory on 172.24.0.3:36247 (size: 34.3 KiB, free: 434.4 MiB)
[2026-02-21T09:48:32.248+0000] {spark_submit.py:641} INFO - 26/02/21 09:48:32 INFO TaskSetManager: Finished task 0.0 in stage 0.0 (TID 0) in 1120 ms on 172.24.0.3 (executor 0) (1/1)
[2026-02-21T09:48:32.250+0000] {spark_submit.py:641} INFO - 26/02/21 09:48:32 INFO TaskSchedulerImpl: Removed TaskSet 0.0, whose tasks have all completed, from pool
[2026-02-21T09:48:32.253+0000] {spark_submit.py:641} INFO - 26/02/21 09:48:32 INFO DAGScheduler: ResultStage 0 (csv at NativeMethodAccessorImpl.java:0) finished in 1.219 s
[2026-02-21T09:48:32.255+0000] {spark_submit.py:641} INFO - 26/02/21 09:48:32 INFO DAGScheduler: Job 0 is finished. Cancelling potential speculative or zombie tasks for this job
[2026-02-21T09:48:32.255+0000] {spark_submit.py:641} INFO - 26/02/21 09:48:32 INFO TaskSchedulerImpl: Killing all running tasks in stage 0: Stage finished
[2026-02-21T09:48:32.257+0000] {spark_submit.py:641} INFO - 26/02/21 09:48:32 INFO DAGScheduler: Job 0 finished: csv at NativeMethodAccessorImpl.java:0, took 1.249133 s
[2026-02-21T09:48:32.277+0000] {spark_submit.py:641} INFO - 26/02/21 09:48:32 INFO CodeGenerator: Code generated in 10.452369 ms
[2026-02-21T09:48:32.312+0000] {spark_submit.py:641} INFO - 26/02/21 09:48:32 INFO BlockManagerInfo: Removed broadcast_1_piece0 on ee2abc333d3f:34543 in memory (size: 6.4 KiB, free: 434.4 MiB)
[2026-02-21T09:48:32.319+0000] {spark_submit.py:641} INFO - 26/02/21 09:48:32 INFO BlockManagerInfo: Removed broadcast_1_piece0 on 172.24.0.3:36247 in memory (size: 6.4 KiB, free: 434.4 MiB)
[2026-02-21T09:48:32.326+0000] {spark_submit.py:641} INFO - 26/02/21 09:48:32 INFO FileSourceStrategy: Pushed Filters:
[2026-02-21T09:48:32.327+0000] {spark_submit.py:641} INFO - 26/02/21 09:48:32 INFO FileSourceStrategy: Post-Scan Filters:
[2026-02-21T09:48:32.331+0000] {spark_submit.py:641} INFO - 26/02/21 09:48:32 INFO MemoryStore: Block broadcast_2 stored as values in memory (estimated size 199.5 KiB, free 434.0 MiB)
[2026-02-21T09:48:32.342+0000] {spark_submit.py:641} INFO - 26/02/21 09:48:32 INFO MemoryStore: Block broadcast_2_piece0 stored as bytes in memory (estimated size 34.3 KiB, free 433.9 MiB)
[2026-02-21T09:48:32.343+0000] {spark_submit.py:641} INFO - 26/02/21 09:48:32 INFO BlockManagerInfo: Added broadcast_2_piece0 in memory on ee2abc333d3f:34543 (size: 34.3 KiB, free: 434.3 MiB)
[2026-02-21T09:48:32.344+0000] {spark_submit.py:641} INFO - 26/02/21 09:48:32 INFO SparkContext: Created broadcast 2 from csv at NativeMethodAccessorImpl.java:0
[2026-02-21T09:48:32.346+0000] {spark_submit.py:641} INFO - 26/02/21 09:48:32 INFO FileSourceScanExec: Planning scan with bin packing, max size: 4194304 bytes, open cost is considered as scanning 4194304 bytes.
[2026-02-21T09:48:32.409+0000] {spark_submit.py:641} INFO - 26/02/21 09:48:32 INFO InMemoryFileIndex: It took 7 ms to list leaf files for 1 paths.
[2026-02-21T09:48:32.430+0000] {spark_submit.py:641} INFO - 26/02/21 09:48:32 INFO InMemoryFileIndex: It took 9 ms to list leaf files for 1 paths.
[2026-02-21T09:48:32.485+0000] {spark_submit.py:641} INFO - 26/02/21 09:48:32 INFO FileSourceStrategy: Pushed Filters:
[2026-02-21T09:48:32.486+0000] {spark_submit.py:641} INFO - 26/02/21 09:48:32 INFO FileSourceStrategy: Post-Scan Filters: (length(trim(value#25, None)) > 0)
[2026-02-21T09:48:32.496+0000] {spark_submit.py:641} INFO - 26/02/21 09:48:32 INFO MemoryStore: Block broadcast_3 stored as values in memory (estimated size 199.5 KiB, free 433.7 MiB)
[2026-02-21T09:48:32.507+0000] {spark_submit.py:641} INFO - 26/02/21 09:48:32 INFO MemoryStore: Block broadcast_3_piece0 stored as bytes in memory (estimated size 34.3 KiB, free 433.7 MiB)
[2026-02-21T09:48:32.509+0000] {spark_submit.py:641} INFO - 26/02/21 09:48:32 INFO BlockManagerInfo: Added broadcast_3_piece0 in memory on ee2abc333d3f:34543 (size: 34.3 KiB, free: 434.3 MiB)
[2026-02-21T09:48:32.509+0000] {spark_submit.py:641} INFO - 26/02/21 09:48:32 INFO SparkContext: Created broadcast 3 from csv at NativeMethodAccessorImpl.java:0
[2026-02-21T09:48:32.510+0000] {spark_submit.py:641} INFO - 26/02/21 09:48:32 INFO FileSourceScanExec: Planning scan with bin packing, max size: 4194304 bytes, open cost is considered as scanning 4194304 bytes.
[2026-02-21T09:48:32.519+0000] {spark_submit.py:641} INFO - 26/02/21 09:48:32 INFO SparkContext: Starting job: csv at NativeMethodAccessorImpl.java:0
[2026-02-21T09:48:32.520+0000] {spark_submit.py:641} INFO - 26/02/21 09:48:32 INFO DAGScheduler: Got job 1 (csv at NativeMethodAccessorImpl.java:0) with 1 output partitions
[2026-02-21T09:48:32.521+0000] {spark_submit.py:641} INFO - 26/02/21 09:48:32 INFO DAGScheduler: Final stage: ResultStage 1 (csv at NativeMethodAccessorImpl.java:0)
[2026-02-21T09:48:32.521+0000] {spark_submit.py:641} INFO - 26/02/21 09:48:32 INFO DAGScheduler: Parents of final stage: List()
[2026-02-21T09:48:32.521+0000] {spark_submit.py:641} INFO - 26/02/21 09:48:32 INFO DAGScheduler: Missing parents: List()
[2026-02-21T09:48:32.521+0000] {spark_submit.py:641} INFO - 26/02/21 09:48:32 INFO DAGScheduler: Submitting ResultStage 1 (MapPartitionsRDD[13] at csv at NativeMethodAccessorImpl.java:0), which has no missing parents
[2026-02-21T09:48:32.524+0000] {spark_submit.py:641} INFO - 26/02/21 09:48:32 INFO MemoryStore: Block broadcast_4 stored as values in memory (estimated size 13.5 KiB, free 433.7 MiB)
[2026-02-21T09:48:32.531+0000] {spark_submit.py:641} INFO - 26/02/21 09:48:32 INFO MemoryStore: Block broadcast_4_piece0 stored as bytes in memory (estimated size 6.4 KiB, free 433.7 MiB)
[2026-02-21T09:48:32.532+0000] {spark_submit.py:641} INFO - 26/02/21 09:48:32 INFO BlockManagerInfo: Added broadcast_4_piece0 in memory on ee2abc333d3f:34543 (size: 6.4 KiB, free: 434.3 MiB)
[2026-02-21T09:48:32.533+0000] {spark_submit.py:641} INFO - 26/02/21 09:48:32 INFO SparkContext: Created broadcast 4 from broadcast at DAGScheduler.scala:1585
[2026-02-21T09:48:32.535+0000] {spark_submit.py:641} INFO - 26/02/21 09:48:32 INFO DAGScheduler: Submitting 1 missing tasks from ResultStage 1 (MapPartitionsRDD[13] at csv at NativeMethodAccessorImpl.java:0) (first 15 tasks are for partitions Vector(0))
[2026-02-21T09:48:32.535+0000] {spark_submit.py:641} INFO - 26/02/21 09:48:32 INFO TaskSchedulerImpl: Adding task set 1.0 with 1 tasks resource profile 0
[2026-02-21T09:48:32.537+0000] {spark_submit.py:641} INFO - 26/02/21 09:48:32 INFO TaskSetManager: Starting task 0.0 in stage 1.0 (TID 1) (172.24.0.3, executor 0, partition 0, PROCESS_LOCAL, 9606 bytes)
[2026-02-21T09:48:32.561+0000] {spark_submit.py:641} INFO - 26/02/21 09:48:32 INFO BlockManagerInfo: Added broadcast_4_piece0 in memory on 172.24.0.3:36247 (size: 6.4 KiB, free: 434.4 MiB)
[2026-02-21T09:48:32.581+0000] {spark_submit.py:641} INFO - 26/02/21 09:48:32 INFO BlockManagerInfo: Added broadcast_3_piece0 in memory on 172.24.0.3:36247 (size: 34.3 KiB, free: 434.3 MiB)
[2026-02-21T09:48:32.634+0000] {spark_submit.py:641} INFO - 26/02/21 09:48:32 INFO TaskSetManager: Finished task 0.0 in stage 1.0 (TID 1) in 98 ms on 172.24.0.3 (executor 0) (1/1)
[2026-02-21T09:48:32.635+0000] {spark_submit.py:641} INFO - 26/02/21 09:48:32 INFO TaskSchedulerImpl: Removed TaskSet 1.0, whose tasks have all completed, from pool
[2026-02-21T09:48:32.636+0000] {spark_submit.py:641} INFO - 26/02/21 09:48:32 INFO DAGScheduler: ResultStage 1 (csv at NativeMethodAccessorImpl.java:0) finished in 0.113 s
[2026-02-21T09:48:32.636+0000] {spark_submit.py:641} INFO - 26/02/21 09:48:32 INFO DAGScheduler: Job 1 is finished. Cancelling potential speculative or zombie tasks for this job
[2026-02-21T09:48:32.636+0000] {spark_submit.py:641} INFO - 26/02/21 09:48:32 INFO TaskSchedulerImpl: Killing all running tasks in stage 1: Stage finished
[2026-02-21T09:48:32.637+0000] {spark_submit.py:641} INFO - 26/02/21 09:48:32 INFO DAGScheduler: Job 1 finished: csv at NativeMethodAccessorImpl.java:0, took 0.117593 s
[2026-02-21T09:48:32.650+0000] {spark_submit.py:641} INFO - 26/02/21 09:48:32 INFO FileSourceStrategy: Pushed Filters:
[2026-02-21T09:48:32.650+0000] {spark_submit.py:641} INFO - 26/02/21 09:48:32 INFO FileSourceStrategy: Post-Scan Filters:
[2026-02-21T09:48:32.655+0000] {spark_submit.py:641} INFO - 26/02/21 09:48:32 INFO MemoryStore: Block broadcast_5 stored as values in memory (estimated size 199.5 KiB, free 433.5 MiB)
[2026-02-21T09:48:32.668+0000] {spark_submit.py:641} INFO - 26/02/21 09:48:32 INFO MemoryStore: Block broadcast_5_piece0 stored as bytes in memory (estimated size 34.3 KiB, free 433.5 MiB)
[2026-02-21T09:48:32.669+0000] {spark_submit.py:641} INFO - 26/02/21 09:48:32 INFO BlockManagerInfo: Added broadcast_5_piece0 in memory on ee2abc333d3f:34543 (size: 34.3 KiB, free: 434.3 MiB)
[2026-02-21T09:48:32.671+0000] {spark_submit.py:641} INFO - 26/02/21 09:48:32 INFO SparkContext: Created broadcast 5 from csv at NativeMethodAccessorImpl.java:0
[2026-02-21T09:48:32.672+0000] {spark_submit.py:641} INFO - 26/02/21 09:48:32 INFO FileSourceScanExec: Planning scan with bin packing, max size: 4194304 bytes, open cost is considered as scanning 4194304 bytes.
[2026-02-21T09:48:32.688+0000] {spark_submit.py:641} INFO - Data Loaded Successfully
[2026-02-21T09:48:32.886+0000] {spark_submit.py:641} INFO - Join Completed
[2026-02-21T09:48:33.072+0000] {spark_submit.py:641} INFO - 26/02/21 09:48:33 INFO FileSourceStrategy: Pushed Filters:
[2026-02-21T09:48:33.073+0000] {spark_submit.py:641} INFO - 26/02/21 09:48:33 INFO FileSourceStrategy: Post-Scan Filters: isnotnull(cast(order_id#17 as int))
[2026-02-21T09:48:33.078+0000] {spark_submit.py:641} INFO - 26/02/21 09:48:33 INFO FileSourceStrategy: Pushed Filters: IsNotNull(quantity)
[2026-02-21T09:48:33.078+0000] {spark_submit.py:641} INFO - 26/02/21 09:48:33 INFO FileSourceStrategy: Post-Scan Filters: isnotnull(quantity#44),(cast(quantity#44 as int) > 0),isnotnull(cast(order_id#42 as int))
[2026-02-21T09:48:33.210+0000] {spark_submit.py:641} INFO - 26/02/21 09:48:33 INFO CodeGenerator: Code generated in 34.749112 ms
[2026-02-21T09:48:33.213+0000] {spark_submit.py:641} INFO - 26/02/21 09:48:33 INFO MemoryStore: Block broadcast_6 stored as values in memory (estimated size 199.4 KiB, free 433.3 MiB)
[2026-02-21T09:48:33.224+0000] {spark_submit.py:641} INFO - 26/02/21 09:48:33 INFO MemoryStore: Block broadcast_6_piece0 stored as bytes in memory (estimated size 34.2 KiB, free 433.2 MiB)
[2026-02-21T09:48:33.226+0000] {spark_submit.py:641} INFO - 26/02/21 09:48:33 INFO BlockManagerInfo: Added broadcast_6_piece0 in memory on ee2abc333d3f:34543 (size: 34.2 KiB, free: 434.2 MiB)
[2026-02-21T09:48:33.228+0000] {spark_submit.py:641} INFO - 26/02/21 09:48:33 INFO SparkContext: Created broadcast 6 from $anonfun$withThreadLocalCaptured$1 at FutureTask.java:264
[2026-02-21T09:48:33.233+0000] {spark_submit.py:641} INFO - 26/02/21 09:48:33 INFO FileSourceScanExec: Planning scan with bin packing, max size: 4194304 bytes, open cost is considered as scanning 4194304 bytes.
[2026-02-21T09:48:33.250+0000] {spark_submit.py:641} INFO - 26/02/21 09:48:33 INFO SparkContext: Starting job: $anonfun$withThreadLocalCaptured$1 at FutureTask.java:264
[2026-02-21T09:48:33.251+0000] {spark_submit.py:641} INFO - 26/02/21 09:48:33 INFO DAGScheduler: Got job 2 ($anonfun$withThreadLocalCaptured$1 at FutureTask.java:264) with 1 output partitions
[2026-02-21T09:48:33.251+0000] {spark_submit.py:641} INFO - 26/02/21 09:48:33 INFO DAGScheduler: Final stage: ResultStage 2 ($anonfun$withThreadLocalCaptured$1 at FutureTask.java:264)
[2026-02-21T09:48:33.251+0000] {spark_submit.py:641} INFO - 26/02/21 09:48:33 INFO DAGScheduler: Parents of final stage: List()
[2026-02-21T09:48:33.251+0000] {spark_submit.py:641} INFO - 26/02/21 09:48:33 INFO DAGScheduler: Missing parents: List()
[2026-02-21T09:48:33.253+0000] {spark_submit.py:641} INFO - 26/02/21 09:48:33 INFO DAGScheduler: Submitting ResultStage 2 (MapPartitionsRDD[23] at $anonfun$withThreadLocalCaptured$1 at FutureTask.java:264), which has no missing parents
[2026-02-21T09:48:33.255+0000] {spark_submit.py:641} INFO - 26/02/21 09:48:33 INFO MemoryStore: Block broadcast_7 stored as values in memory (estimated size 18.9 KiB, free 433.2 MiB)
[2026-02-21T09:48:33.262+0000] {spark_submit.py:641} INFO - 26/02/21 09:48:33 INFO MemoryStore: Block broadcast_7_piece0 stored as bytes in memory (estimated size 8.7 KiB, free 433.2 MiB)
[2026-02-21T09:48:33.263+0000] {spark_submit.py:641} INFO - 26/02/21 09:48:33 INFO BlockManagerInfo: Added broadcast_7_piece0 in memory on ee2abc333d3f:34543 (size: 8.7 KiB, free: 434.2 MiB)
[2026-02-21T09:48:33.264+0000] {spark_submit.py:641} INFO - 26/02/21 09:48:33 INFO BlockManagerInfo: Removed broadcast_5_piece0 on ee2abc333d3f:34543 in memory (size: 34.3 KiB, free: 434.3 MiB)
[2026-02-21T09:48:33.264+0000] {spark_submit.py:641} INFO - 26/02/21 09:48:33 INFO SparkContext: Created broadcast 7 from broadcast at DAGScheduler.scala:1585
[2026-02-21T09:48:33.265+0000] {spark_submit.py:641} INFO - 26/02/21 09:48:33 INFO DAGScheduler: Submitting 1 missing tasks from ResultStage 2 (MapPartitionsRDD[23] at $anonfun$withThreadLocalCaptured$1 at FutureTask.java:264) (first 15 tasks are for partitions Vector(0))
[2026-02-21T09:48:33.266+0000] {spark_submit.py:641} INFO - 26/02/21 09:48:33 INFO TaskSchedulerImpl: Adding task set 2.0 with 1 tasks resource profile 0
[2026-02-21T09:48:33.267+0000] {spark_submit.py:641} INFO - 26/02/21 09:48:33 INFO TaskSetManager: Starting task 0.0 in stage 2.0 (TID 2) (172.24.0.3, executor 0, partition 0, PROCESS_LOCAL, 9606 bytes)
[2026-02-21T09:48:33.272+0000] {spark_submit.py:641} INFO - 26/02/21 09:48:33 INFO BlockManagerInfo: Removed broadcast_4_piece0 on ee2abc333d3f:34543 in memory (size: 6.4 KiB, free: 434.3 MiB)
[2026-02-21T09:48:33.275+0000] {spark_submit.py:641} INFO - 26/02/21 09:48:33 INFO BlockManagerInfo: Removed broadcast_4_piece0 on 172.24.0.3:36247 in memory (size: 6.4 KiB, free: 434.3 MiB)
[2026-02-21T09:48:33.283+0000] {spark_submit.py:641} INFO - 26/02/21 09:48:33 INFO BlockManagerInfo: Removed broadcast_3_piece0 on ee2abc333d3f:34543 in memory (size: 34.3 KiB, free: 434.3 MiB)
[2026-02-21T09:48:33.285+0000] {spark_submit.py:641} INFO - 26/02/21 09:48:33 INFO BlockManagerInfo: Added broadcast_7_piece0 in memory on 172.24.0.3:36247 (size: 8.7 KiB, free: 434.3 MiB)
[2026-02-21T09:48:33.287+0000] {spark_submit.py:641} INFO - 26/02/21 09:48:33 INFO BlockManagerInfo: Removed broadcast_3_piece0 on 172.24.0.3:36247 in memory (size: 34.3 KiB, free: 434.4 MiB)
[2026-02-21T09:48:33.392+0000] {spark_submit.py:641} INFO - 26/02/21 09:48:33 INFO BlockManagerInfo: Added broadcast_6_piece0 in memory on 172.24.0.3:36247 (size: 34.2 KiB, free: 434.3 MiB)
[2026-02-21T09:48:33.599+0000] {spark_submit.py:641} INFO - 26/02/21 09:48:33 INFO TaskSetManager: Finished task 0.0 in stage 2.0 (TID 2) in 331 ms on 172.24.0.3 (executor 0) (1/1)
[2026-02-21T09:48:33.599+0000] {spark_submit.py:641} INFO - 26/02/21 09:48:33 INFO TaskSchedulerImpl: Removed TaskSet 2.0, whose tasks have all completed, from pool
[2026-02-21T09:48:33.600+0000] {spark_submit.py:641} INFO - 26/02/21 09:48:33 INFO DAGScheduler: ResultStage 2 ($anonfun$withThreadLocalCaptured$1 at FutureTask.java:264) finished in 0.347 s
[2026-02-21T09:48:33.601+0000] {spark_submit.py:641} INFO - 26/02/21 09:48:33 INFO DAGScheduler: Job 2 is finished. Cancelling potential speculative or zombie tasks for this job
[2026-02-21T09:48:33.601+0000] {spark_submit.py:641} INFO - 26/02/21 09:48:33 INFO TaskSchedulerImpl: Killing all running tasks in stage 2: Stage finished
[2026-02-21T09:48:33.601+0000] {spark_submit.py:641} INFO - 26/02/21 09:48:33 INFO DAGScheduler: Job 2 finished: $anonfun$withThreadLocalCaptured$1 at FutureTask.java:264, took 0.350836 s
[2026-02-21T09:48:33.622+0000] {spark_submit.py:641} INFO - 26/02/21 09:48:33 INFO CodeGenerator: Code generated in 7.314694 ms
[2026-02-21T09:48:33.637+0000] {spark_submit.py:641} INFO - 26/02/21 09:48:33 INFO MemoryStore: Block broadcast_8_piece0 stored as bytes in memory (estimated size 60.0 KiB, free 433.6 MiB)
[2026-02-21T09:48:33.639+0000] {spark_submit.py:641} INFO - 26/02/21 09:48:33 INFO BlockManagerInfo: Added broadcast_8_piece0 in memory on ee2abc333d3f:34543 (size: 60.0 KiB, free: 434.2 MiB)
[2026-02-21T09:48:33.640+0000] {spark_submit.py:641} INFO - 26/02/21 09:48:33 INFO SparkContext: Created broadcast 8 from $anonfun$withThreadLocalCaptured$1 at FutureTask.java:264
[2026-02-21T09:48:33.652+0000] {spark_submit.py:641} INFO - 26/02/21 09:48:33 INFO FileSourceStrategy: Pushed Filters:
[2026-02-21T09:48:33.653+0000] {spark_submit.py:641} INFO - 26/02/21 09:48:33 INFO FileSourceStrategy: Post-Scan Filters: isnotnull(cast(order_id#17 as int))
[2026-02-21T09:48:33.708+0000] {spark_submit.py:641} INFO - 26/02/21 09:48:33 INFO ParquetUtils: Using default output committer for Parquet: org.apache.parquet.hadoop.ParquetOutputCommitter
[2026-02-21T09:48:33.723+0000] {spark_submit.py:641} INFO - 26/02/21 09:48:33 INFO FileOutputCommitter: File Output Committer Algorithm version is 1
[2026-02-21T09:48:33.724+0000] {spark_submit.py:641} INFO - 26/02/21 09:48:33 INFO FileOutputCommitter: FileOutputCommitter skip cleanup _temporary folders under output directory:false, ignore cleanup failures: false
[2026-02-21T09:48:33.725+0000] {spark_submit.py:641} INFO - 26/02/21 09:48:33 INFO SQLHadoopMapReduceCommitProtocol: Using user defined output committer class org.apache.parquet.hadoop.ParquetOutputCommitter
[2026-02-21T09:48:33.726+0000] {spark_submit.py:641} INFO - 26/02/21 09:48:33 INFO FileOutputCommitter: File Output Committer Algorithm version is 1
[2026-02-21T09:48:33.726+0000] {spark_submit.py:641} INFO - 26/02/21 09:48:33 INFO FileOutputCommitter: FileOutputCommitter skip cleanup _temporary folders under output directory:false, ignore cleanup failures: false
[2026-02-21T09:48:33.727+0000] {spark_submit.py:641} INFO - 26/02/21 09:48:33 INFO SQLHadoopMapReduceCommitProtocol: Using output committer class org.apache.parquet.hadoop.ParquetOutputCommitter
[2026-02-21T09:48:33.885+0000] {spark_submit.py:641} INFO - 26/02/21 09:48:33 INFO CodeGenerator: Code generated in 24.566873 ms
[2026-02-21T09:48:33.888+0000] {spark_submit.py:641} INFO - 26/02/21 09:48:33 INFO MemoryStore: Block broadcast_9 stored as values in memory (estimated size 199.4 KiB, free 433.4 MiB)
[2026-02-21T09:48:33.894+0000] {spark_submit.py:641} INFO - 26/02/21 09:48:33 INFO MemoryStore: Block broadcast_9_piece0 stored as bytes in memory (estimated size 34.2 KiB, free 433.4 MiB)
[2026-02-21T09:48:33.895+0000] {spark_submit.py:641} INFO - 26/02/21 09:48:33 INFO BlockManagerInfo: Added broadcast_9_piece0 in memory on ee2abc333d3f:34543 (size: 34.2 KiB, free: 434.2 MiB)
[2026-02-21T09:48:33.896+0000] {spark_submit.py:641} INFO - 26/02/21 09:48:33 INFO SparkContext: Created broadcast 9 from parquet at NativeMethodAccessorImpl.java:0
[2026-02-21T09:48:33.897+0000] {spark_submit.py:641} INFO - 26/02/21 09:48:33 INFO FileSourceScanExec: Planning scan with bin packing, max size: 4194304 bytes, open cost is considered as scanning 4194304 bytes.
[2026-02-21T09:48:33.911+0000] {spark_submit.py:641} INFO - 26/02/21 09:48:33 INFO SparkContext: Starting job: parquet at NativeMethodAccessorImpl.java:0
[2026-02-21T09:48:33.913+0000] {spark_submit.py:641} INFO - 26/02/21 09:48:33 INFO DAGScheduler: Got job 3 (parquet at NativeMethodAccessorImpl.java:0) with 1 output partitions
[2026-02-21T09:48:33.913+0000] {spark_submit.py:641} INFO - 26/02/21 09:48:33 INFO DAGScheduler: Final stage: ResultStage 3 (parquet at NativeMethodAccessorImpl.java:0)
[2026-02-21T09:48:33.913+0000] {spark_submit.py:641} INFO - 26/02/21 09:48:33 INFO DAGScheduler: Parents of final stage: List()
[2026-02-21T09:48:33.913+0000] {spark_submit.py:641} INFO - 26/02/21 09:48:33 INFO DAGScheduler: Missing parents: List()
[2026-02-21T09:48:33.913+0000] {spark_submit.py:641} INFO - 26/02/21 09:48:33 INFO DAGScheduler: Submitting ResultStage 3 (MapPartitionsRDD[27] at parquet at NativeMethodAccessorImpl.java:0), which has no missing parents
[2026-02-21T09:48:33.936+0000] {spark_submit.py:641} INFO - 26/02/21 09:48:33 INFO MemoryStore: Block broadcast_10 stored as values in memory (estimated size 222.9 KiB, free 433.2 MiB)
[2026-02-21T09:48:33.944+0000] {spark_submit.py:641} INFO - 26/02/21 09:48:33 INFO MemoryStore: Block broadcast_10_piece0 stored as bytes in memory (estimated size 80.5 KiB, free 433.1 MiB)
[2026-02-21T09:48:33.946+0000] {spark_submit.py:641} INFO - 26/02/21 09:48:33 INFO BlockManagerInfo: Added broadcast_10_piece0 in memory on ee2abc333d3f:34543 (size: 80.5 KiB, free: 434.1 MiB)
[2026-02-21T09:48:33.947+0000] {spark_submit.py:641} INFO - 26/02/21 09:48:33 INFO BlockManagerInfo: Removed broadcast_7_piece0 on ee2abc333d3f:34543 in memory (size: 8.7 KiB, free: 434.1 MiB)
[2026-02-21T09:48:33.947+0000] {spark_submit.py:641} INFO - 26/02/21 09:48:33 INFO SparkContext: Created broadcast 10 from broadcast at DAGScheduler.scala:1585
[2026-02-21T09:48:33.948+0000] {spark_submit.py:641} INFO - 26/02/21 09:48:33 INFO DAGScheduler: Submitting 1 missing tasks from ResultStage 3 (MapPartitionsRDD[27] at parquet at NativeMethodAccessorImpl.java:0) (first 15 tasks are for partitions Vector(0))
[2026-02-21T09:48:33.948+0000] {spark_submit.py:641} INFO - 26/02/21 09:48:33 INFO TaskSchedulerImpl: Adding task set 3.0 with 1 tasks resource profile 0
[2026-02-21T09:48:33.949+0000] {spark_submit.py:641} INFO - 26/02/21 09:48:33 INFO TaskSetManager: Starting task 0.0 in stage 3.0 (TID 3) (172.24.0.3, executor 0, partition 0, PROCESS_LOCAL, 9601 bytes)
[2026-02-21T09:48:33.952+0000] {spark_submit.py:641} INFO - 26/02/21 09:48:33 INFO BlockManagerInfo: Removed broadcast_7_piece0 on 172.24.0.3:36247 in memory (size: 8.7 KiB, free: 434.3 MiB)
[2026-02-21T09:48:33.974+0000] {spark_submit.py:641} INFO - 26/02/21 09:48:33 INFO BlockManagerInfo: Added broadcast_10_piece0 in memory on 172.24.0.3:36247 (size: 80.5 KiB, free: 434.3 MiB)
[2026-02-21T09:48:34.107+0000] {spark_submit.py:641} INFO - 26/02/21 09:48:34 INFO BlockManagerInfo: Added broadcast_8_piece0 in memory on 172.24.0.3:36247 (size: 60.0 KiB, free: 434.2 MiB)
[2026-02-21T09:48:34.320+0000] {spark_submit.py:641} INFO - 26/02/21 09:48:34 WARN TaskSetManager: Lost task 0.0 in stage 3.0 (TID 3) (172.24.0.3 executor 0): java.io.IOException: Mkdirs failed to create file:/opt/airflow/data/output/fact_transactions/_temporary/0/_temporary/attempt_202602210948336086596301971501927_0003_m_000000_3 (exists=false, cwd=file:/opt/bitnami/spark/work/app-20260221094827-0000/0)
[2026-02-21T09:48:34.320+0000] {spark_submit.py:641} INFO - at org.apache.hadoop.fs.ChecksumFileSystem.create(ChecksumFileSystem.java:515)
[2026-02-21T09:48:34.320+0000] {spark_submit.py:641} INFO - at org.apache.hadoop.fs.ChecksumFileSystem.create(ChecksumFileSystem.java:500)
[2026-02-21T09:48:34.320+0000] {spark_submit.py:641} INFO - at org.apache.hadoop.fs.FileSystem.create(FileSystem.java:1195)
[2026-02-21T09:48:34.320+0000] {spark_submit.py:641} INFO - at org.apache.hadoop.fs.FileSystem.create(FileSystem.java:1175)
[2026-02-21T09:48:34.320+0000] {spark_submit.py:641} INFO - at org.apache.parquet.hadoop.util.HadoopOutputFile.create(HadoopOutputFile.java:74)
[2026-02-21T09:48:34.321+0000] {spark_submit.py:641} INFO - at org.apache.parquet.hadoop.ParquetFileWriter.<init>(ParquetFileWriter.java:347)
[2026-02-21T09:48:34.321+0000] {spark_submit.py:641} INFO - at org.apache.parquet.hadoop.ParquetFileWriter.<init>(ParquetFileWriter.java:314)
[2026-02-21T09:48:34.321+0000] {spark_submit.py:641} INFO - at org.apache.parquet.hadoop.ParquetOutputFormat.getRecordWriter(ParquetOutputFormat.java:484)
[2026-02-21T09:48:34.321+0000] {spark_submit.py:641} INFO - at org.apache.parquet.hadoop.ParquetOutputFormat.getRecordWriter(ParquetOutputFormat.java:422)
[2026-02-21T09:48:34.321+0000] {spark_submit.py:641} INFO - at org.apache.parquet.hadoop.ParquetOutputFormat.getRecordWriter(ParquetOutputFormat.java:411)
[2026-02-21T09:48:34.321+0000] {spark_submit.py:641} INFO - at org.apache.spark.sql.execution.datasources.parquet.ParquetOutputWriter.<init>(ParquetOutputWriter.scala:36)
[2026-02-21T09:48:34.321+0000] {spark_submit.py:641} INFO - at org.apache.spark.sql.execution.datasources.parquet.ParquetUtils$$anon$1.newInstance(ParquetUtils.scala:490)
[2026-02-21T09:48:34.321+0000] {spark_submit.py:641} INFO - at org.apache.spark.sql.execution.datasources.SingleDirectoryDataWriter.newOutputWriter(FileFormatDataWriter.scala:161)
[2026-02-21T09:48:34.321+0000] {spark_submit.py:641} INFO - at org.apache.spark.sql.execution.datasources.SingleDirectoryDataWriter.<init>(FileFormatDataWriter.scala:146)
[2026-02-21T09:48:34.321+0000] {spark_submit.py:641} INFO - at org.apache.spark.sql.execution.datasources.FileFormatWriter$.executeTask(FileFormatWriter.scala:389)
[2026-02-21T09:48:34.321+0000] {spark_submit.py:641} INFO - at org.apache.spark.sql.execution.datasources.WriteFilesExec.$anonfun$doExecuteWrite$1(WriteFiles.scala:100)
[2026-02-21T09:48:34.321+0000] {spark_submit.py:641} INFO - at org.apache.spark.rdd.RDD.$anonfun$mapPartitionsInternal$2(RDD.scala:893)
[2026-02-21T09:48:34.321+0000] {spark_submit.py:641} INFO - at org.apache.spark.rdd.RDD.$anonfun$mapPartitionsInternal$2$adapted(RDD.scala:893)
[2026-02-21T09:48:34.321+0000] {spark_submit.py:641} INFO - at org.apache.spark.rdd.MapPartitionsRDD.compute(MapPartitionsRDD.scala:52)
[2026-02-21T09:48:34.321+0000] {spark_submit.py:641} INFO - at org.apache.spark.rdd.RDD.computeOrReadCheckpoint(RDD.scala:367)
[2026-02-21T09:48:34.321+0000] {spark_submit.py:641} INFO - at org.apache.spark.rdd.RDD.iterator(RDD.scala:331)
[2026-02-21T09:48:34.321+0000] {spark_submit.py:641} INFO - at org.apache.spark.scheduler.ResultTask.runTask(ResultTask.scala:93)
[2026-02-21T09:48:34.321+0000] {spark_submit.py:641} INFO - at org.apache.spark.TaskContext.runTaskWithListeners(TaskContext.scala:166)
[2026-02-21T09:48:34.321+0000] {spark_submit.py:641} INFO - at org.apache.spark.scheduler.Task.run(Task.scala:141)
[2026-02-21T09:48:34.321+0000] {spark_submit.py:641} INFO - at org.apache.spark.executor.Executor$TaskRunner.$anonfun$run$4(Executor.scala:621)
[2026-02-21T09:48:34.321+0000] {spark_submit.py:641} INFO - at org.apache.spark.util.SparkErrorUtils.tryWithSafeFinally(SparkErrorUtils.scala:64)
[2026-02-21T09:48:34.321+0000] {spark_submit.py:641} INFO - at org.apache.spark.util.SparkErrorUtils.tryWithSafeFinally$(SparkErrorUtils.scala:61)
[2026-02-21T09:48:34.321+0000] {spark_submit.py:641} INFO - at org.apache.spark.util.Utils$.tryWithSafeFinally(Utils.scala:94)
[2026-02-21T09:48:34.322+0000] {spark_submit.py:641} INFO - at org.apache.spark.executor.Executor$TaskRunner.run(Executor.scala:624)
[2026-02-21T09:48:34.322+0000] {spark_submit.py:641} INFO - at java.base/java.util.concurrent.ThreadPoolExecutor.runWorker(Unknown Source)
[2026-02-21T09:48:34.322+0000] {spark_submit.py:641} INFO - at java.base/java.util.concurrent.ThreadPoolExecutor$Worker.run(Unknown Source)
[2026-02-21T09:48:34.322+0000] {spark_submit.py:641} INFO - at java.base/java.lang.Thread.run(Unknown Source)
[2026-02-21T09:48:34.322+0000] {spark_submit.py:641} INFO - 
[2026-02-21T09:48:34.322+0000] {spark_submit.py:641} INFO - 26/02/21 09:48:34 INFO TaskSetManager: Starting task 0.1 in stage 3.0 (TID 4) (172.24.0.3, executor 0, partition 0, PROCESS_LOCAL, 9601 bytes)
[2026-02-21T09:48:34.401+0000] {spark_submit.py:641} INFO - 26/02/21 09:48:34 WARN TaskSetManager: Lost task 0.1 in stage 3.0 (TID 4) (172.24.0.3 executor 0): java.io.IOException: Mkdirs failed to create file:/opt/airflow/data/output/fact_transactions/_temporary/0/_temporary/attempt_202602210948336086596301971501927_0003_m_000000_4 (exists=false, cwd=file:/opt/bitnami/spark/work/app-20260221094827-0000/0)
[2026-02-21T09:48:34.401+0000] {spark_submit.py:641} INFO - at org.apache.hadoop.fs.ChecksumFileSystem.create(ChecksumFileSystem.java:515)
[2026-02-21T09:48:34.401+0000] {spark_submit.py:641} INFO - at org.apache.hadoop.fs.ChecksumFileSystem.create(ChecksumFileSystem.java:500)
[2026-02-21T09:48:34.402+0000] {spark_submit.py:641} INFO - at org.apache.hadoop.fs.FileSystem.create(FileSystem.java:1195)
[2026-02-21T09:48:34.402+0000] {spark_submit.py:641} INFO - at org.apache.hadoop.fs.FileSystem.create(FileSystem.java:1175)
[2026-02-21T09:48:34.402+0000] {spark_submit.py:641} INFO - at org.apache.parquet.hadoop.util.HadoopOutputFile.create(HadoopOutputFile.java:74)
[2026-02-21T09:48:34.402+0000] {spark_submit.py:641} INFO - at org.apache.parquet.hadoop.ParquetFileWriter.<init>(ParquetFileWriter.java:347)
[2026-02-21T09:48:34.402+0000] {spark_submit.py:641} INFO - at org.apache.parquet.hadoop.ParquetFileWriter.<init>(ParquetFileWriter.java:314)
[2026-02-21T09:48:34.402+0000] {spark_submit.py:641} INFO - at org.apache.parquet.hadoop.ParquetOutputFormat.getRecordWriter(ParquetOutputFormat.java:484)
[2026-02-21T09:48:34.402+0000] {spark_submit.py:641} INFO - at org.apache.parquet.hadoop.ParquetOutputFormat.getRecordWriter(ParquetOutputFormat.java:422)
[2026-02-21T09:48:34.402+0000] {spark_submit.py:641} INFO - at org.apache.parquet.hadoop.ParquetOutputFormat.getRecordWriter(ParquetOutputFormat.java:411)
[2026-02-21T09:48:34.402+0000] {spark_submit.py:641} INFO - at org.apache.spark.sql.execution.datasources.parquet.ParquetOutputWriter.<init>(ParquetOutputWriter.scala:36)
[2026-02-21T09:48:34.402+0000] {spark_submit.py:641} INFO - at org.apache.spark.sql.execution.datasources.parquet.ParquetUtils$$anon$1.newInstance(ParquetUtils.scala:490)
[2026-02-21T09:48:34.402+0000] {spark_submit.py:641} INFO - at org.apache.spark.sql.execution.datasources.SingleDirectoryDataWriter.newOutputWriter(FileFormatDataWriter.scala:161)
[2026-02-21T09:48:34.402+0000] {spark_submit.py:641} INFO - at org.apache.spark.sql.execution.datasources.SingleDirectoryDataWriter.<init>(FileFormatDataWriter.scala:146)
[2026-02-21T09:48:34.402+0000] {spark_submit.py:641} INFO - at org.apache.spark.sql.execution.datasources.FileFormatWriter$.executeTask(FileFormatWriter.scala:389)
[2026-02-21T09:48:34.402+0000] {spark_submit.py:641} INFO - at org.apache.spark.sql.execution.datasources.WriteFilesExec.$anonfun$doExecuteWrite$1(WriteFiles.scala:100)
[2026-02-21T09:48:34.402+0000] {spark_submit.py:641} INFO - at org.apache.spark.rdd.RDD.$anonfun$mapPartitionsInternal$2(RDD.scala:893)
[2026-02-21T09:48:34.402+0000] {spark_submit.py:641} INFO - at org.apache.spark.rdd.RDD.$anonfun$mapPartitionsInternal$2$adapted(RDD.scala:893)
[2026-02-21T09:48:34.402+0000] {spark_submit.py:641} INFO - at org.apache.spark.rdd.MapPartitionsRDD.compute(MapPartitionsRDD.scala:52)
[2026-02-21T09:48:34.402+0000] {spark_submit.py:641} INFO - at org.apache.spark.rdd.RDD.computeOrReadCheckpoint(RDD.scala:367)
[2026-02-21T09:48:34.402+0000] {spark_submit.py:641} INFO - at org.apache.spark.rdd.RDD.iterator(RDD.scala:331)
[2026-02-21T09:48:34.402+0000] {spark_submit.py:641} INFO - at org.apache.spark.scheduler.ResultTask.runTask(ResultTask.scala:93)
[2026-02-21T09:48:34.402+0000] {spark_submit.py:641} INFO - at org.apache.spark.TaskContext.runTaskWithListeners(TaskContext.scala:166)
[2026-02-21T09:48:34.402+0000] {spark_submit.py:641} INFO - at org.apache.spark.scheduler.Task.run(Task.scala:141)
[2026-02-21T09:48:34.402+0000] {spark_submit.py:641} INFO - at org.apache.spark.executor.Executor$TaskRunner.$anonfun$run$4(Executor.scala:621)
[2026-02-21T09:48:34.403+0000] {spark_submit.py:641} INFO - at org.apache.spark.util.SparkErrorUtils.tryWithSafeFinally(SparkErrorUtils.scala:64)
[2026-02-21T09:48:34.403+0000] {spark_submit.py:641} INFO - at org.apache.spark.util.SparkErrorUtils.tryWithSafeFinally$(SparkErrorUtils.scala:61)
[2026-02-21T09:48:34.403+0000] {spark_submit.py:641} INFO - at org.apache.spark.util.Utils$.tryWithSafeFinally(Utils.scala:94)
[2026-02-21T09:48:34.403+0000] {spark_submit.py:641} INFO - at org.apache.spark.executor.Executor$TaskRunner.run(Executor.scala:624)
[2026-02-21T09:48:34.403+0000] {spark_submit.py:641} INFO - at java.base/java.util.concurrent.ThreadPoolExecutor.runWorker(Unknown Source)
[2026-02-21T09:48:34.403+0000] {spark_submit.py:641} INFO - at java.base/java.util.concurrent.ThreadPoolExecutor$Worker.run(Unknown Source)
[2026-02-21T09:48:34.403+0000] {spark_submit.py:641} INFO - at java.base/java.lang.Thread.run(Unknown Source)
[2026-02-21T09:48:34.403+0000] {spark_submit.py:641} INFO - 
[2026-02-21T09:48:34.403+0000] {spark_submit.py:641} INFO - 26/02/21 09:48:34 INFO TaskSetManager: Starting task 0.2 in stage 3.0 (TID 5) (172.24.0.3, executor 0, partition 0, PROCESS_LOCAL, 9601 bytes)
[2026-02-21T09:48:34.465+0000] {spark_submit.py:641} INFO - 26/02/21 09:48:34 WARN TaskSetManager: Lost task 0.2 in stage 3.0 (TID 5) (172.24.0.3 executor 0): java.io.IOException: Mkdirs failed to create file:/opt/airflow/data/output/fact_transactions/_temporary/0/_temporary/attempt_202602210948336086596301971501927_0003_m_000000_5 (exists=false, cwd=file:/opt/bitnami/spark/work/app-20260221094827-0000/0)
[2026-02-21T09:48:34.465+0000] {spark_submit.py:641} INFO - at org.apache.hadoop.fs.ChecksumFileSystem.create(ChecksumFileSystem.java:515)
[2026-02-21T09:48:34.465+0000] {spark_submit.py:641} INFO - at org.apache.hadoop.fs.ChecksumFileSystem.create(ChecksumFileSystem.java:500)
[2026-02-21T09:48:34.465+0000] {spark_submit.py:641} INFO - at org.apache.hadoop.fs.FileSystem.create(FileSystem.java:1195)
[2026-02-21T09:48:34.465+0000] {spark_submit.py:641} INFO - at org.apache.hadoop.fs.FileSystem.create(FileSystem.java:1175)
[2026-02-21T09:48:34.465+0000] {spark_submit.py:641} INFO - at org.apache.parquet.hadoop.util.HadoopOutputFile.create(HadoopOutputFile.java:74)
[2026-02-21T09:48:34.465+0000] {spark_submit.py:641} INFO - at org.apache.parquet.hadoop.ParquetFileWriter.<init>(ParquetFileWriter.java:347)
[2026-02-21T09:48:34.465+0000] {spark_submit.py:641} INFO - at org.apache.parquet.hadoop.ParquetFileWriter.<init>(ParquetFileWriter.java:314)
[2026-02-21T09:48:34.466+0000] {spark_submit.py:641} INFO - at org.apache.parquet.hadoop.ParquetOutputFormat.getRecordWriter(ParquetOutputFormat.java:484)
[2026-02-21T09:48:34.466+0000] {spark_submit.py:641} INFO - at org.apache.parquet.hadoop.ParquetOutputFormat.getRecordWriter(ParquetOutputFormat.java:422)
[2026-02-21T09:48:34.466+0000] {spark_submit.py:641} INFO - at org.apache.parquet.hadoop.ParquetOutputFormat.getRecordWriter(ParquetOutputFormat.java:411)
[2026-02-21T09:48:34.466+0000] {spark_submit.py:641} INFO - at org.apache.spark.sql.execution.datasources.parquet.ParquetOutputWriter.<init>(ParquetOutputWriter.scala:36)
[2026-02-21T09:48:34.466+0000] {spark_submit.py:641} INFO - at org.apache.spark.sql.execution.datasources.parquet.ParquetUtils$$anon$1.newInstance(ParquetUtils.scala:490)
[2026-02-21T09:48:34.466+0000] {spark_submit.py:641} INFO - at org.apache.spark.sql.execution.datasources.SingleDirectoryDataWriter.newOutputWriter(FileFormatDataWriter.scala:161)
[2026-02-21T09:48:34.466+0000] {spark_submit.py:641} INFO - at org.apache.spark.sql.execution.datasources.SingleDirectoryDataWriter.<init>(FileFormatDataWriter.scala:146)
[2026-02-21T09:48:34.466+0000] {spark_submit.py:641} INFO - at org.apache.spark.sql.execution.datasources.FileFormatWriter$.executeTask(FileFormatWriter.scala:389)
[2026-02-21T09:48:34.466+0000] {spark_submit.py:641} INFO - at org.apache.spark.sql.execution.datasources.WriteFilesExec.$anonfun$doExecuteWrite$1(WriteFiles.scala:100)
[2026-02-21T09:48:34.466+0000] {spark_submit.py:641} INFO - at org.apache.spark.rdd.RDD.$anonfun$mapPartitionsInternal$2(RDD.scala:893)
[2026-02-21T09:48:34.466+0000] {spark_submit.py:641} INFO - at org.apache.spark.rdd.RDD.$anonfun$mapPartitionsInternal$2$adapted(RDD.scala:893)
[2026-02-21T09:48:34.466+0000] {spark_submit.py:641} INFO - at org.apache.spark.rdd.MapPartitionsRDD.compute(MapPartitionsRDD.scala:52)
[2026-02-21T09:48:34.466+0000] {spark_submit.py:641} INFO - at org.apache.spark.rdd.RDD.computeOrReadCheckpoint(RDD.scala:367)
[2026-02-21T09:48:34.466+0000] {spark_submit.py:641} INFO - at org.apache.spark.rdd.RDD.iterator(RDD.scala:331)
[2026-02-21T09:48:34.466+0000] {spark_submit.py:641} INFO - at org.apache.spark.scheduler.ResultTask.runTask(ResultTask.scala:93)
[2026-02-21T09:48:34.466+0000] {spark_submit.py:641} INFO - at org.apache.spark.TaskContext.runTaskWithListeners(TaskContext.scala:166)
[2026-02-21T09:48:34.466+0000] {spark_submit.py:641} INFO - at org.apache.spark.scheduler.Task.run(Task.scala:141)
[2026-02-21T09:48:34.466+0000] {spark_submit.py:641} INFO - at org.apache.spark.executor.Executor$TaskRunner.$anonfun$run$4(Executor.scala:621)
[2026-02-21T09:48:34.466+0000] {spark_submit.py:641} INFO - at org.apache.spark.util.SparkErrorUtils.tryWithSafeFinally(SparkErrorUtils.scala:64)
[2026-02-21T09:48:34.466+0000] {spark_submit.py:641} INFO - at org.apache.spark.util.SparkErrorUtils.tryWithSafeFinally$(SparkErrorUtils.scala:61)
[2026-02-21T09:48:34.466+0000] {spark_submit.py:641} INFO - at org.apache.spark.util.Utils$.tryWithSafeFinally(Utils.scala:94)
[2026-02-21T09:48:34.466+0000] {spark_submit.py:641} INFO - at org.apache.spark.executor.Executor$TaskRunner.run(Executor.scala:624)
[2026-02-21T09:48:34.467+0000] {spark_submit.py:641} INFO - at java.base/java.util.concurrent.ThreadPoolExecutor.runWorker(Unknown Source)
[2026-02-21T09:48:34.467+0000] {spark_submit.py:641} INFO - at java.base/java.util.concurrent.ThreadPoolExecutor$Worker.run(Unknown Source)
[2026-02-21T09:48:34.467+0000] {spark_submit.py:641} INFO - at java.base/java.lang.Thread.run(Unknown Source)
[2026-02-21T09:48:34.467+0000] {spark_submit.py:641} INFO - 
[2026-02-21T09:48:34.467+0000] {spark_submit.py:641} INFO - 26/02/21 09:48:34 INFO TaskSetManager: Starting task 0.3 in stage 3.0 (TID 6) (172.24.0.3, executor 0, partition 0, PROCESS_LOCAL, 9601 bytes)
[2026-02-21T09:48:34.528+0000] {spark_submit.py:641} INFO - 26/02/21 09:48:34 WARN TaskSetManager: Lost task 0.3 in stage 3.0 (TID 6) (172.24.0.3 executor 0): java.io.IOException: Mkdirs failed to create file:/opt/airflow/data/output/fact_transactions/_temporary/0/_temporary/attempt_202602210948336086596301971501927_0003_m_000000_6 (exists=false, cwd=file:/opt/bitnami/spark/work/app-20260221094827-0000/0)
[2026-02-21T09:48:34.528+0000] {spark_submit.py:641} INFO - at org.apache.hadoop.fs.ChecksumFileSystem.create(ChecksumFileSystem.java:515)
[2026-02-21T09:48:34.528+0000] {spark_submit.py:641} INFO - at org.apache.hadoop.fs.ChecksumFileSystem.create(ChecksumFileSystem.java:500)
[2026-02-21T09:48:34.528+0000] {spark_submit.py:641} INFO - at org.apache.hadoop.fs.FileSystem.create(FileSystem.java:1195)
[2026-02-21T09:48:34.528+0000] {spark_submit.py:641} INFO - at org.apache.hadoop.fs.FileSystem.create(FileSystem.java:1175)
[2026-02-21T09:48:34.528+0000] {spark_submit.py:641} INFO - at org.apache.parquet.hadoop.util.HadoopOutputFile.create(HadoopOutputFile.java:74)
[2026-02-21T09:48:34.529+0000] {spark_submit.py:641} INFO - at org.apache.parquet.hadoop.ParquetFileWriter.<init>(ParquetFileWriter.java:347)
[2026-02-21T09:48:34.529+0000] {spark_submit.py:641} INFO - at org.apache.parquet.hadoop.ParquetFileWriter.<init>(ParquetFileWriter.java:314)
[2026-02-21T09:48:34.529+0000] {spark_submit.py:641} INFO - at org.apache.parquet.hadoop.ParquetOutputFormat.getRecordWriter(ParquetOutputFormat.java:484)
[2026-02-21T09:48:34.529+0000] {spark_submit.py:641} INFO - at org.apache.parquet.hadoop.ParquetOutputFormat.getRecordWriter(ParquetOutputFormat.java:422)
[2026-02-21T09:48:34.529+0000] {spark_submit.py:641} INFO - at org.apache.parquet.hadoop.ParquetOutputFormat.getRecordWriter(ParquetOutputFormat.java:411)
[2026-02-21T09:48:34.529+0000] {spark_submit.py:641} INFO - at org.apache.spark.sql.execution.datasources.parquet.ParquetOutputWriter.<init>(ParquetOutputWriter.scala:36)
[2026-02-21T09:48:34.529+0000] {spark_submit.py:641} INFO - at org.apache.spark.sql.execution.datasources.parquet.ParquetUtils$$anon$1.newInstance(ParquetUtils.scala:490)
[2026-02-21T09:48:34.529+0000] {spark_submit.py:641} INFO - at org.apache.spark.sql.execution.datasources.SingleDirectoryDataWriter.newOutputWriter(FileFormatDataWriter.scala:161)
[2026-02-21T09:48:34.529+0000] {spark_submit.py:641} INFO - at org.apache.spark.sql.execution.datasources.SingleDirectoryDataWriter.<init>(FileFormatDataWriter.scala:146)
[2026-02-21T09:48:34.529+0000] {spark_submit.py:641} INFO - at org.apache.spark.sql.execution.datasources.FileFormatWriter$.executeTask(FileFormatWriter.scala:389)
[2026-02-21T09:48:34.529+0000] {spark_submit.py:641} INFO - at org.apache.spark.sql.execution.datasources.WriteFilesExec.$anonfun$doExecuteWrite$1(WriteFiles.scala:100)
[2026-02-21T09:48:34.529+0000] {spark_submit.py:641} INFO - at org.apache.spark.rdd.RDD.$anonfun$mapPartitionsInternal$2(RDD.scala:893)
[2026-02-21T09:48:34.529+0000] {spark_submit.py:641} INFO - at org.apache.spark.rdd.RDD.$anonfun$mapPartitionsInternal$2$adapted(RDD.scala:893)
[2026-02-21T09:48:34.529+0000] {spark_submit.py:641} INFO - at org.apache.spark.rdd.MapPartitionsRDD.compute(MapPartitionsRDD.scala:52)
[2026-02-21T09:48:34.529+0000] {spark_submit.py:641} INFO - at org.apache.spark.rdd.RDD.computeOrReadCheckpoint(RDD.scala:367)
[2026-02-21T09:48:34.529+0000] {spark_submit.py:641} INFO - at org.apache.spark.rdd.RDD.iterator(RDD.scala:331)
[2026-02-21T09:48:34.529+0000] {spark_submit.py:641} INFO - at org.apache.spark.scheduler.ResultTask.runTask(ResultTask.scala:93)
[2026-02-21T09:48:34.529+0000] {spark_submit.py:641} INFO - at org.apache.spark.TaskContext.runTaskWithListeners(TaskContext.scala:166)
[2026-02-21T09:48:34.529+0000] {spark_submit.py:641} INFO - at org.apache.spark.scheduler.Task.run(Task.scala:141)
[2026-02-21T09:48:34.529+0000] {spark_submit.py:641} INFO - at org.apache.spark.executor.Executor$TaskRunner.$anonfun$run$4(Executor.scala:621)
[2026-02-21T09:48:34.529+0000] {spark_submit.py:641} INFO - at org.apache.spark.util.SparkErrorUtils.tryWithSafeFinally(SparkErrorUtils.scala:64)
[2026-02-21T09:48:34.529+0000] {spark_submit.py:641} INFO - at org.apache.spark.util.SparkErrorUtils.tryWithSafeFinally$(SparkErrorUtils.scala:61)
[2026-02-21T09:48:34.530+0000] {spark_submit.py:641} INFO - at org.apache.spark.util.Utils$.tryWithSafeFinally(Utils.scala:94)
[2026-02-21T09:48:34.530+0000] {spark_submit.py:641} INFO - at org.apache.spark.executor.Executor$TaskRunner.run(Executor.scala:624)
[2026-02-21T09:48:34.530+0000] {spark_submit.py:641} INFO - at java.base/java.util.concurrent.ThreadPoolExecutor.runWorker(Unknown Source)
[2026-02-21T09:48:34.530+0000] {spark_submit.py:641} INFO - at java.base/java.util.concurrent.ThreadPoolExecutor$Worker.run(Unknown Source)
[2026-02-21T09:48:34.530+0000] {spark_submit.py:641} INFO - at java.base/java.lang.Thread.run(Unknown Source)
[2026-02-21T09:48:34.530+0000] {spark_submit.py:641} INFO - 
[2026-02-21T09:48:34.530+0000] {spark_submit.py:641} INFO - 26/02/21 09:48:34 ERROR TaskSetManager: Task 0 in stage 3.0 failed 4 times; aborting job
[2026-02-21T09:48:34.530+0000] {spark_submit.py:641} INFO - 26/02/21 09:48:34 INFO TaskSchedulerImpl: Removed TaskSet 3.0, whose tasks have all completed, from pool
[2026-02-21T09:48:34.531+0000] {spark_submit.py:641} INFO - 26/02/21 09:48:34 INFO TaskSchedulerImpl: Cancelling stage 3
[2026-02-21T09:48:34.532+0000] {spark_submit.py:641} INFO - 26/02/21 09:48:34 INFO TaskSchedulerImpl: Killing all running tasks in stage 3: Stage cancelled: Job aborted due to stage failure: Task 0 in stage 3.0 failed 4 times, most recent failure: Lost task 0.3 in stage 3.0 (TID 6) (172.24.0.3 executor 0): java.io.IOException: Mkdirs failed to create file:/opt/airflow/data/output/fact_transactions/_temporary/0/_temporary/attempt_202602210948336086596301971501927_0003_m_000000_6 (exists=false, cwd=file:/opt/bitnami/spark/work/app-20260221094827-0000/0)
[2026-02-21T09:48:34.532+0000] {spark_submit.py:641} INFO - at org.apache.hadoop.fs.ChecksumFileSystem.create(ChecksumFileSystem.java:515)
[2026-02-21T09:48:34.532+0000] {spark_submit.py:641} INFO - at org.apache.hadoop.fs.ChecksumFileSystem.create(ChecksumFileSystem.java:500)
[2026-02-21T09:48:34.532+0000] {spark_submit.py:641} INFO - at org.apache.hadoop.fs.FileSystem.create(FileSystem.java:1195)
[2026-02-21T09:48:34.532+0000] {spark_submit.py:641} INFO - at org.apache.hadoop.fs.FileSystem.create(FileSystem.java:1175)
[2026-02-21T09:48:34.532+0000] {spark_submit.py:641} INFO - at org.apache.parquet.hadoop.util.HadoopOutputFile.create(HadoopOutputFile.java:74)
[2026-02-21T09:48:34.532+0000] {spark_submit.py:641} INFO - at org.apache.parquet.hadoop.ParquetFileWriter.<init>(ParquetFileWriter.java:347)
[2026-02-21T09:48:34.532+0000] {spark_submit.py:641} INFO - at org.apache.parquet.hadoop.ParquetFileWriter.<init>(ParquetFileWriter.java:314)
[2026-02-21T09:48:34.532+0000] {spark_submit.py:641} INFO - at org.apache.parquet.hadoop.ParquetOutputFormat.getRecordWriter(ParquetOutputFormat.java:484)
[2026-02-21T09:48:34.532+0000] {spark_submit.py:641} INFO - at org.apache.parquet.hadoop.ParquetOutputFormat.getRecordWriter(ParquetOutputFormat.java:422)
[2026-02-21T09:48:34.532+0000] {spark_submit.py:641} INFO - at org.apache.parquet.hadoop.ParquetOutputFormat.getRecordWriter(ParquetOutputFormat.java:411)
[2026-02-21T09:48:34.532+0000] {spark_submit.py:641} INFO - at org.apache.spark.sql.execution.datasources.parquet.ParquetOutputWriter.<init>(ParquetOutputWriter.scala:36)
[2026-02-21T09:48:34.532+0000] {spark_submit.py:641} INFO - at org.apache.spark.sql.execution.datasources.parquet.ParquetUtils$$anon$1.newInstance(ParquetUtils.scala:490)
[2026-02-21T09:48:34.532+0000] {spark_submit.py:641} INFO - at org.apache.spark.sql.execution.datasources.SingleDirectoryDataWriter.newOutputWriter(FileFormatDataWriter.scala:161)
[2026-02-21T09:48:34.532+0000] {spark_submit.py:641} INFO - at org.apache.spark.sql.execution.datasources.SingleDirectoryDataWriter.<init>(FileFormatDataWriter.scala:146)
[2026-02-21T09:48:34.532+0000] {spark_submit.py:641} INFO - at org.apache.spark.sql.execution.datasources.FileFormatWriter$.executeTask(FileFormatWriter.scala:389)
[2026-02-21T09:48:34.532+0000] {spark_submit.py:641} INFO - at org.apache.spark.sql.execution.datasources.WriteFilesExec.$anonfun$doExecuteWrite$1(WriteFiles.scala:100)
[2026-02-21T09:48:34.532+0000] {spark_submit.py:641} INFO - at org.apache.spark.rdd.RDD.$anonfun$mapPartitionsInternal$2(RDD.scala:893)
[2026-02-21T09:48:34.532+0000] {spark_submit.py:641} INFO - at org.apache.spark.rdd.RDD.$anonfun$mapPartitionsInternal$2$adapted(RDD.scala:893)
[2026-02-21T09:48:34.532+0000] {spark_submit.py:641} INFO - at org.apache.spark.rdd.MapPartitionsRDD.compute(MapPartitionsRDD.scala:52)
[2026-02-21T09:48:34.533+0000] {spark_submit.py:641} INFO - at org.apache.spark.rdd.RDD.computeOrReadCheckpoint(RDD.scala:367)
[2026-02-21T09:48:34.533+0000] {spark_submit.py:641} INFO - at org.apache.spark.rdd.RDD.iterator(RDD.scala:331)
[2026-02-21T09:48:34.533+0000] {spark_submit.py:641} INFO - at org.apache.spark.scheduler.ResultTask.runTask(ResultTask.scala:93)
[2026-02-21T09:48:34.533+0000] {spark_submit.py:641} INFO - at org.apache.spark.TaskContext.runTaskWithListeners(TaskContext.scala:166)
[2026-02-21T09:48:34.533+0000] {spark_submit.py:641} INFO - at org.apache.spark.scheduler.Task.run(Task.scala:141)
[2026-02-21T09:48:34.533+0000] {spark_submit.py:641} INFO - at org.apache.spark.executor.Executor$TaskRunner.$anonfun$run$4(Executor.scala:621)
[2026-02-21T09:48:34.533+0000] {spark_submit.py:641} INFO - at org.apache.spark.util.SparkErrorUtils.tryWithSafeFinally(SparkErrorUtils.scala:64)
[2026-02-21T09:48:34.533+0000] {spark_submit.py:641} INFO - at org.apache.spark.util.SparkErrorUtils.tryWithSafeFinally$(SparkErrorUtils.scala:61)
[2026-02-21T09:48:34.533+0000] {spark_submit.py:641} INFO - at org.apache.spark.util.Utils$.tryWithSafeFinally(Utils.scala:94)
[2026-02-21T09:48:34.533+0000] {spark_submit.py:641} INFO - at org.apache.spark.executor.Executor$TaskRunner.run(Executor.scala:624)
[2026-02-21T09:48:34.533+0000] {spark_submit.py:641} INFO - at java.base/java.util.concurrent.ThreadPoolExecutor.runWorker(Unknown Source)
[2026-02-21T09:48:34.533+0000] {spark_submit.py:641} INFO - at java.base/java.util.concurrent.ThreadPoolExecutor$Worker.run(Unknown Source)
[2026-02-21T09:48:34.533+0000] {spark_submit.py:641} INFO - at java.base/java.lang.Thread.run(Unknown Source)
[2026-02-21T09:48:34.533+0000] {spark_submit.py:641} INFO - 
[2026-02-21T09:48:34.533+0000] {spark_submit.py:641} INFO - Driver stacktrace:
[2026-02-21T09:48:34.533+0000] {spark_submit.py:641} INFO - 26/02/21 09:48:34 INFO DAGScheduler: ResultStage 3 (parquet at NativeMethodAccessorImpl.java:0) failed in 0.618 s due to Job aborted due to stage failure: Task 0 in stage 3.0 failed 4 times, most recent failure: Lost task 0.3 in stage 3.0 (TID 6) (172.24.0.3 executor 0): java.io.IOException: Mkdirs failed to create file:/opt/airflow/data/output/fact_transactions/_temporary/0/_temporary/attempt_202602210948336086596301971501927_0003_m_000000_6 (exists=false, cwd=file:/opt/bitnami/spark/work/app-20260221094827-0000/0)
[2026-02-21T09:48:34.533+0000] {spark_submit.py:641} INFO - at org.apache.hadoop.fs.ChecksumFileSystem.create(ChecksumFileSystem.java:515)
[2026-02-21T09:48:34.533+0000] {spark_submit.py:641} INFO - at org.apache.hadoop.fs.ChecksumFileSystem.create(ChecksumFileSystem.java:500)
[2026-02-21T09:48:34.533+0000] {spark_submit.py:641} INFO - at org.apache.hadoop.fs.FileSystem.create(FileSystem.java:1195)
[2026-02-21T09:48:34.533+0000] {spark_submit.py:641} INFO - at org.apache.hadoop.fs.FileSystem.create(FileSystem.java:1175)
[2026-02-21T09:48:34.533+0000] {spark_submit.py:641} INFO - at org.apache.parquet.hadoop.util.HadoopOutputFile.create(HadoopOutputFile.java:74)
[2026-02-21T09:48:34.534+0000] {spark_submit.py:641} INFO - at org.apache.parquet.hadoop.ParquetFileWriter.<init>(ParquetFileWriter.java:347)
[2026-02-21T09:48:34.534+0000] {spark_submit.py:641} INFO - at org.apache.parquet.hadoop.ParquetFileWriter.<init>(ParquetFileWriter.java:314)
[2026-02-21T09:48:34.534+0000] {spark_submit.py:641} INFO - at org.apache.parquet.hadoop.ParquetOutputFormat.getRecordWriter(ParquetOutputFormat.java:484)
[2026-02-21T09:48:34.534+0000] {spark_submit.py:641} INFO - at org.apache.parquet.hadoop.ParquetOutputFormat.getRecordWriter(ParquetOutputFormat.java:422)
[2026-02-21T09:48:34.534+0000] {spark_submit.py:641} INFO - at org.apache.parquet.hadoop.ParquetOutputFormat.getRecordWriter(ParquetOutputFormat.java:411)
[2026-02-21T09:48:34.534+0000] {spark_submit.py:641} INFO - at org.apache.spark.sql.execution.datasources.parquet.ParquetOutputWriter.<init>(ParquetOutputWriter.scala:36)
[2026-02-21T09:48:34.534+0000] {spark_submit.py:641} INFO - at org.apache.spark.sql.execution.datasources.parquet.ParquetUtils$$anon$1.newInstance(ParquetUtils.scala:490)
[2026-02-21T09:48:34.534+0000] {spark_submit.py:641} INFO - at org.apache.spark.sql.execution.datasources.SingleDirectoryDataWriter.newOutputWriter(FileFormatDataWriter.scala:161)
[2026-02-21T09:48:34.534+0000] {spark_submit.py:641} INFO - at org.apache.spark.sql.execution.datasources.SingleDirectoryDataWriter.<init>(FileFormatDataWriter.scala:146)
[2026-02-21T09:48:34.534+0000] {spark_submit.py:641} INFO - at org.apache.spark.sql.execution.datasources.FileFormatWriter$.executeTask(FileFormatWriter.scala:389)
[2026-02-21T09:48:34.534+0000] {spark_submit.py:641} INFO - at org.apache.spark.sql.execution.datasources.WriteFilesExec.$anonfun$doExecuteWrite$1(WriteFiles.scala:100)
[2026-02-21T09:48:34.534+0000] {spark_submit.py:641} INFO - at org.apache.spark.rdd.RDD.$anonfun$mapPartitionsInternal$2(RDD.scala:893)
[2026-02-21T09:48:34.534+0000] {spark_submit.py:641} INFO - at org.apache.spark.rdd.RDD.$anonfun$mapPartitionsInternal$2$adapted(RDD.scala:893)
[2026-02-21T09:48:34.534+0000] {spark_submit.py:641} INFO - at org.apache.spark.rdd.MapPartitionsRDD.compute(MapPartitionsRDD.scala:52)
[2026-02-21T09:48:34.534+0000] {spark_submit.py:641} INFO - at org.apache.spark.rdd.RDD.computeOrReadCheckpoint(RDD.scala:367)
[2026-02-21T09:48:34.534+0000] {spark_submit.py:641} INFO - at org.apache.spark.rdd.RDD.iterator(RDD.scala:331)
[2026-02-21T09:48:34.534+0000] {spark_submit.py:641} INFO - at org.apache.spark.scheduler.ResultTask.runTask(ResultTask.scala:93)
[2026-02-21T09:48:34.534+0000] {spark_submit.py:641} INFO - at org.apache.spark.TaskContext.runTaskWithListeners(TaskContext.scala:166)
[2026-02-21T09:48:34.534+0000] {spark_submit.py:641} INFO - at org.apache.spark.scheduler.Task.run(Task.scala:141)
[2026-02-21T09:48:34.534+0000] {spark_submit.py:641} INFO - at org.apache.spark.executor.Executor$TaskRunner.$anonfun$run$4(Executor.scala:621)
[2026-02-21T09:48:34.534+0000] {spark_submit.py:641} INFO - at org.apache.spark.util.SparkErrorUtils.tryWithSafeFinally(SparkErrorUtils.scala:64)
[2026-02-21T09:48:34.534+0000] {spark_submit.py:641} INFO - at org.apache.spark.util.SparkErrorUtils.tryWithSafeFinally$(SparkErrorUtils.scala:61)
[2026-02-21T09:48:34.534+0000] {spark_submit.py:641} INFO - at org.apache.spark.util.Utils$.tryWithSafeFinally(Utils.scala:94)
[2026-02-21T09:48:34.534+0000] {spark_submit.py:641} INFO - at org.apache.spark.executor.Executor$TaskRunner.run(Executor.scala:624)
[2026-02-21T09:48:34.534+0000] {spark_submit.py:641} INFO - at java.base/java.util.concurrent.ThreadPoolExecutor.runWorker(Unknown Source)
[2026-02-21T09:48:34.535+0000] {spark_submit.py:641} INFO - at java.base/java.util.concurrent.ThreadPoolExecutor$Worker.run(Unknown Source)
[2026-02-21T09:48:34.535+0000] {spark_submit.py:641} INFO - at java.base/java.lang.Thread.run(Unknown Source)
[2026-02-21T09:48:34.535+0000] {spark_submit.py:641} INFO - 
[2026-02-21T09:48:34.535+0000] {spark_submit.py:641} INFO - Driver stacktrace:
[2026-02-21T09:48:34.535+0000] {spark_submit.py:641} INFO - 26/02/21 09:48:34 INFO DAGScheduler: Job 3 failed: parquet at NativeMethodAccessorImpl.java:0, took 0.622004 s
[2026-02-21T09:48:34.535+0000] {spark_submit.py:641} INFO - 26/02/21 09:48:34 ERROR FileFormatWriter: Aborting job 1ee4eb32-4fcb-4d87-a2d4-f93c2e4dd864.
[2026-02-21T09:48:34.535+0000] {spark_submit.py:641} INFO - org.apache.spark.SparkException: Job aborted due to stage failure: Task 0 in stage 3.0 failed 4 times, most recent failure: Lost task 0.3 in stage 3.0 (TID 6) (172.24.0.3 executor 0): java.io.IOException: Mkdirs failed to create file:/opt/airflow/data/output/fact_transactions/_temporary/0/_temporary/attempt_202602210948336086596301971501927_0003_m_000000_6 (exists=false, cwd=file:/opt/bitnami/spark/work/app-20260221094827-0000/0)
[2026-02-21T09:48:34.535+0000] {spark_submit.py:641} INFO - at org.apache.hadoop.fs.ChecksumFileSystem.create(ChecksumFileSystem.java:515)
[2026-02-21T09:48:34.535+0000] {spark_submit.py:641} INFO - at org.apache.hadoop.fs.ChecksumFileSystem.create(ChecksumFileSystem.java:500)
[2026-02-21T09:48:34.535+0000] {spark_submit.py:641} INFO - at org.apache.hadoop.fs.FileSystem.create(FileSystem.java:1195)
[2026-02-21T09:48:34.536+0000] {spark_submit.py:641} INFO - at org.apache.hadoop.fs.FileSystem.create(FileSystem.java:1175)
[2026-02-21T09:48:34.536+0000] {spark_submit.py:641} INFO - at org.apache.parquet.hadoop.util.HadoopOutputFile.create(HadoopOutputFile.java:74)
[2026-02-21T09:48:34.536+0000] {spark_submit.py:641} INFO - at org.apache.parquet.hadoop.ParquetFileWriter.<init>(ParquetFileWriter.java:347)
[2026-02-21T09:48:34.536+0000] {spark_submit.py:641} INFO - at org.apache.parquet.hadoop.ParquetFileWriter.<init>(ParquetFileWriter.java:314)
[2026-02-21T09:48:34.536+0000] {spark_submit.py:641} INFO - at org.apache.parquet.hadoop.ParquetOutputFormat.getRecordWriter(ParquetOutputFormat.java:484)
[2026-02-21T09:48:34.536+0000] {spark_submit.py:641} INFO - at org.apache.parquet.hadoop.ParquetOutputFormat.getRecordWriter(ParquetOutputFormat.java:422)
[2026-02-21T09:48:34.536+0000] {spark_submit.py:641} INFO - at org.apache.parquet.hadoop.ParquetOutputFormat.getRecordWriter(ParquetOutputFormat.java:411)
[2026-02-21T09:48:34.536+0000] {spark_submit.py:641} INFO - at org.apache.spark.sql.execution.datasources.parquet.ParquetOutputWriter.<init>(ParquetOutputWriter.scala:36)
[2026-02-21T09:48:34.536+0000] {spark_submit.py:641} INFO - at org.apache.spark.sql.execution.datasources.parquet.ParquetUtils$$anon$1.newInstance(ParquetUtils.scala:490)
[2026-02-21T09:48:34.536+0000] {spark_submit.py:641} INFO - at org.apache.spark.sql.execution.datasources.SingleDirectoryDataWriter.newOutputWriter(FileFormatDataWriter.scala:161)
[2026-02-21T09:48:34.536+0000] {spark_submit.py:641} INFO - at org.apache.spark.sql.execution.datasources.SingleDirectoryDataWriter.<init>(FileFormatDataWriter.scala:146)
[2026-02-21T09:48:34.536+0000] {spark_submit.py:641} INFO - at org.apache.spark.sql.execution.datasources.FileFormatWriter$.executeTask(FileFormatWriter.scala:389)
[2026-02-21T09:48:34.536+0000] {spark_submit.py:641} INFO - at org.apache.spark.sql.execution.datasources.WriteFilesExec.$anonfun$doExecuteWrite$1(WriteFiles.scala:100)
[2026-02-21T09:48:34.536+0000] {spark_submit.py:641} INFO - at org.apache.spark.rdd.RDD.$anonfun$mapPartitionsInternal$2(RDD.scala:893)
[2026-02-21T09:48:34.536+0000] {spark_submit.py:641} INFO - at org.apache.spark.rdd.RDD.$anonfun$mapPartitionsInternal$2$adapted(RDD.scala:893)
[2026-02-21T09:48:34.536+0000] {spark_submit.py:641} INFO - at org.apache.spark.rdd.MapPartitionsRDD.compute(MapPartitionsRDD.scala:52)
[2026-02-21T09:48:34.536+0000] {spark_submit.py:641} INFO - at org.apache.spark.rdd.RDD.computeOrReadCheckpoint(RDD.scala:367)
[2026-02-21T09:48:34.536+0000] {spark_submit.py:641} INFO - at org.apache.spark.rdd.RDD.iterator(RDD.scala:331)
[2026-02-21T09:48:34.536+0000] {spark_submit.py:641} INFO - at org.apache.spark.scheduler.ResultTask.runTask(ResultTask.scala:93)
[2026-02-21T09:48:34.536+0000] {spark_submit.py:641} INFO - at org.apache.spark.TaskContext.runTaskWithListeners(TaskContext.scala:166)
[2026-02-21T09:48:34.536+0000] {spark_submit.py:641} INFO - at org.apache.spark.scheduler.Task.run(Task.scala:141)
[2026-02-21T09:48:34.536+0000] {spark_submit.py:641} INFO - at org.apache.spark.executor.Executor$TaskRunner.$anonfun$run$4(Executor.scala:621)
[2026-02-21T09:48:34.537+0000] {spark_submit.py:641} INFO - at org.apache.spark.util.SparkErrorUtils.tryWithSafeFinally(SparkErrorUtils.scala:64)
[2026-02-21T09:48:34.537+0000] {spark_submit.py:641} INFO - at org.apache.spark.util.SparkErrorUtils.tryWithSafeFinally$(SparkErrorUtils.scala:61)
[2026-02-21T09:48:34.537+0000] {spark_submit.py:641} INFO - at org.apache.spark.util.Utils$.tryWithSafeFinally(Utils.scala:94)
[2026-02-21T09:48:34.537+0000] {spark_submit.py:641} INFO - at org.apache.spark.executor.Executor$TaskRunner.run(Executor.scala:624)
[2026-02-21T09:48:34.537+0000] {spark_submit.py:641} INFO - at java.base/java.util.concurrent.ThreadPoolExecutor.runWorker(Unknown Source)
[2026-02-21T09:48:34.537+0000] {spark_submit.py:641} INFO - at java.base/java.util.concurrent.ThreadPoolExecutor$Worker.run(Unknown Source)
[2026-02-21T09:48:34.537+0000] {spark_submit.py:641} INFO - at java.base/java.lang.Thread.run(Unknown Source)
[2026-02-21T09:48:34.537+0000] {spark_submit.py:641} INFO - 
[2026-02-21T09:48:34.537+0000] {spark_submit.py:641} INFO - Driver stacktrace:
[2026-02-21T09:48:34.537+0000] {spark_submit.py:641} INFO - at org.apache.spark.scheduler.DAGScheduler.failJobAndIndependentStages(DAGScheduler.scala:2856)
[2026-02-21T09:48:34.537+0000] {spark_submit.py:641} INFO - at org.apache.spark.scheduler.DAGScheduler.$anonfun$abortStage$2(DAGScheduler.scala:2792)
[2026-02-21T09:48:34.537+0000] {spark_submit.py:641} INFO - at org.apache.spark.scheduler.DAGScheduler.$anonfun$abortStage$2$adapted(DAGScheduler.scala:2791)
[2026-02-21T09:48:34.537+0000] {spark_submit.py:641} INFO - at scala.collection.mutable.ResizableArray.foreach(ResizableArray.scala:62)
[2026-02-21T09:48:34.537+0000] {spark_submit.py:641} INFO - at scala.collection.mutable.ResizableArray.foreach$(ResizableArray.scala:55)
[2026-02-21T09:48:34.538+0000] {spark_submit.py:641} INFO - at scala.collection.mutable.ArrayBuffer.foreach(ArrayBuffer.scala:49)
[2026-02-21T09:48:34.538+0000] {spark_submit.py:641} INFO - at org.apache.spark.scheduler.DAGScheduler.abortStage(DAGScheduler.scala:2791)
[2026-02-21T09:48:34.538+0000] {spark_submit.py:641} INFO - at org.apache.spark.scheduler.DAGScheduler.$anonfun$handleTaskSetFailed$1(DAGScheduler.scala:1247)
[2026-02-21T09:48:34.538+0000] {spark_submit.py:641} INFO - at org.apache.spark.scheduler.DAGScheduler.$anonfun$handleTaskSetFailed$1$adapted(DAGScheduler.scala:1247)
[2026-02-21T09:48:34.538+0000] {spark_submit.py:641} INFO - at scala.Option.foreach(Option.scala:407)
[2026-02-21T09:48:34.538+0000] {spark_submit.py:641} INFO - at org.apache.spark.scheduler.DAGScheduler.handleTaskSetFailed(DAGScheduler.scala:1247)
[2026-02-21T09:48:34.538+0000] {spark_submit.py:641} INFO - at org.apache.spark.scheduler.DAGSchedulerEventProcessLoop.doOnReceive(DAGScheduler.scala:3060)
[2026-02-21T09:48:34.538+0000] {spark_submit.py:641} INFO - at org.apache.spark.scheduler.DAGSchedulerEventProcessLoop.onReceive(DAGScheduler.scala:2994)
[2026-02-21T09:48:34.538+0000] {spark_submit.py:641} INFO - at org.apache.spark.scheduler.DAGSchedulerEventProcessLoop.onReceive(DAGScheduler.scala:2983)
[2026-02-21T09:48:34.538+0000] {spark_submit.py:641} INFO - at org.apache.spark.util.EventLoop$$anon$1.run(EventLoop.scala:49)
[2026-02-21T09:48:34.538+0000] {spark_submit.py:641} INFO - at org.apache.spark.scheduler.DAGScheduler.runJob(DAGScheduler.scala:989)
[2026-02-21T09:48:34.538+0000] {spark_submit.py:641} INFO - at org.apache.spark.SparkContext.runJob(SparkContext.scala:2393)
[2026-02-21T09:48:34.538+0000] {spark_submit.py:641} INFO - at org.apache.spark.sql.execution.datasources.FileFormatWriter$.$anonfun$executeWrite$4(FileFormatWriter.scala:307)
[2026-02-21T09:48:34.538+0000] {spark_submit.py:641} INFO - at org.apache.spark.sql.execution.datasources.FileFormatWriter$.writeAndCommit(FileFormatWriter.scala:271)
[2026-02-21T09:48:34.538+0000] {spark_submit.py:641} INFO - at org.apache.spark.sql.execution.datasources.FileFormatWriter$.executeWrite(FileFormatWriter.scala:304)
[2026-02-21T09:48:34.538+0000] {spark_submit.py:641} INFO - at org.apache.spark.sql.execution.datasources.FileFormatWriter$.write(FileFormatWriter.scala:190)
[2026-02-21T09:48:34.538+0000] {spark_submit.py:641} INFO - at org.apache.spark.sql.execution.datasources.InsertIntoHadoopFsRelationCommand.run(InsertIntoHadoopFsRelationCommand.scala:190)
[2026-02-21T09:48:34.538+0000] {spark_submit.py:641} INFO - at org.apache.spark.sql.execution.command.DataWritingCommandExec.sideEffectResult$lzycompute(commands.scala:113)
[2026-02-21T09:48:34.538+0000] {spark_submit.py:641} INFO - at org.apache.spark.sql.execution.command.DataWritingCommandExec.sideEffectResult(commands.scala:111)
[2026-02-21T09:48:34.538+0000] {spark_submit.py:641} INFO - at org.apache.spark.sql.execution.command.DataWritingCommandExec.executeCollect(commands.scala:125)
[2026-02-21T09:48:34.538+0000] {spark_submit.py:641} INFO - at org.apache.spark.sql.execution.adaptive.AdaptiveSparkPlanExec.$anonfun$executeCollect$1(AdaptiveSparkPlanExec.scala:392)
[2026-02-21T09:48:34.538+0000] {spark_submit.py:641} INFO - at org.apache.spark.sql.execution.adaptive.AdaptiveSparkPlanExec.withFinalPlanUpdate(AdaptiveSparkPlanExec.scala:420)
[2026-02-21T09:48:34.539+0000] {spark_submit.py:641} INFO - at org.apache.spark.sql.execution.adaptive.AdaptiveSparkPlanExec.executeCollect(AdaptiveSparkPlanExec.scala:392)
[2026-02-21T09:48:34.539+0000] {spark_submit.py:641} INFO - at org.apache.spark.sql.execution.QueryExecution$$anonfun$eagerlyExecuteCommands$1.$anonfun$applyOrElse$1(QueryExecution.scala:107)
[2026-02-21T09:48:34.539+0000] {spark_submit.py:641} INFO - at org.apache.spark.sql.execution.SQLExecution$.$anonfun$withNewExecutionId$6(SQLExecution.scala:125)
[2026-02-21T09:48:34.539+0000] {spark_submit.py:641} INFO - at org.apache.spark.sql.execution.SQLExecution$.withSQLConfPropagated(SQLExecution.scala:201)
[2026-02-21T09:48:34.539+0000] {spark_submit.py:641} INFO - at org.apache.spark.sql.execution.SQLExecution$.$anonfun$withNewExecutionId$1(SQLExecution.scala:108)
[2026-02-21T09:48:34.539+0000] {spark_submit.py:641} INFO - at org.apache.spark.sql.SparkSession.withActive(SparkSession.scala:900)
[2026-02-21T09:48:34.539+0000] {spark_submit.py:641} INFO - at org.apache.spark.sql.execution.SQLExecution$.withNewExecutionId(SQLExecution.scala:66)
[2026-02-21T09:48:34.539+0000] {spark_submit.py:641} INFO - at org.apache.spark.sql.execution.QueryExecution$$anonfun$eagerlyExecuteCommands$1.applyOrElse(QueryExecution.scala:107)
[2026-02-21T09:48:34.539+0000] {spark_submit.py:641} INFO - at org.apache.spark.sql.execution.QueryExecution$$anonfun$eagerlyExecuteCommands$1.applyOrElse(QueryExecution.scala:98)
[2026-02-21T09:48:34.539+0000] {spark_submit.py:641} INFO - at org.apache.spark.sql.catalyst.trees.TreeNode.$anonfun$transformDownWithPruning$1(TreeNode.scala:461)
[2026-02-21T09:48:34.539+0000] {spark_submit.py:641} INFO - at org.apache.spark.sql.catalyst.trees.CurrentOrigin$.withOrigin(origin.scala:76)
[2026-02-21T09:48:34.539+0000] {spark_submit.py:641} INFO - at org.apache.spark.sql.catalyst.trees.TreeNode.transformDownWithPruning(TreeNode.scala:461)
[2026-02-21T09:48:34.539+0000] {spark_submit.py:641} INFO - at org.apache.spark.sql.catalyst.plans.logical.LogicalPlan.org$apache$spark$sql$catalyst$plans$logical$AnalysisHelper$$super$transformDownWithPruning(LogicalPlan.scala:32)
[2026-02-21T09:48:34.540+0000] {spark_submit.py:641} INFO - at org.apache.spark.sql.catalyst.plans.logical.AnalysisHelper.transformDownWithPruning(AnalysisHelper.scala:267)
[2026-02-21T09:48:34.540+0000] {spark_submit.py:641} INFO - at org.apache.spark.sql.catalyst.plans.logical.AnalysisHelper.transformDownWithPruning$(AnalysisHelper.scala:263)
[2026-02-21T09:48:34.540+0000] {spark_submit.py:641} INFO - at org.apache.spark.sql.catalyst.plans.logical.LogicalPlan.transformDownWithPruning(LogicalPlan.scala:32)
[2026-02-21T09:48:34.540+0000] {spark_submit.py:641} INFO - at org.apache.spark.sql.catalyst.plans.logical.LogicalPlan.transformDownWithPruning(LogicalPlan.scala:32)
[2026-02-21T09:48:34.540+0000] {spark_submit.py:641} INFO - at org.apache.spark.sql.catalyst.trees.TreeNode.transformDown(TreeNode.scala:437)
[2026-02-21T09:48:34.540+0000] {spark_submit.py:641} INFO - at org.apache.spark.sql.execution.QueryExecution.eagerlyExecuteCommands(QueryExecution.scala:98)
[2026-02-21T09:48:34.540+0000] {spark_submit.py:641} INFO - at org.apache.spark.sql.execution.QueryExecution.commandExecuted$lzycompute(QueryExecution.scala:85)
[2026-02-21T09:48:34.540+0000] {spark_submit.py:641} INFO - at org.apache.spark.sql.execution.QueryExecution.commandExecuted(QueryExecution.scala:83)
[2026-02-21T09:48:34.540+0000] {spark_submit.py:641} INFO - at org.apache.spark.sql.execution.QueryExecution.assertCommandExecuted(QueryExecution.scala:142)
[2026-02-21T09:48:34.540+0000] {spark_submit.py:641} INFO - at org.apache.spark.sql.DataFrameWriter.runCommand(DataFrameWriter.scala:869)
[2026-02-21T09:48:34.540+0000] {spark_submit.py:641} INFO - at org.apache.spark.sql.DataFrameWriter.saveToV1Source(DataFrameWriter.scala:391)
[2026-02-21T09:48:34.540+0000] {spark_submit.py:641} INFO - at org.apache.spark.sql.DataFrameWriter.saveInternal(DataFrameWriter.scala:364)
[2026-02-21T09:48:34.540+0000] {spark_submit.py:641} INFO - at org.apache.spark.sql.DataFrameWriter.save(DataFrameWriter.scala:243)
[2026-02-21T09:48:34.540+0000] {spark_submit.py:641} INFO - at org.apache.spark.sql.DataFrameWriter.parquet(DataFrameWriter.scala:802)
[2026-02-21T09:48:34.541+0000] {spark_submit.py:641} INFO - at java.base/jdk.internal.reflect.NativeMethodAccessorImpl.invoke0(Native Method)
[2026-02-21T09:48:34.541+0000] {spark_submit.py:641} INFO - at java.base/jdk.internal.reflect.NativeMethodAccessorImpl.invoke(NativeMethodAccessorImpl.java:77)
[2026-02-21T09:48:34.541+0000] {spark_submit.py:641} INFO - at java.base/jdk.internal.reflect.DelegatingMethodAccessorImpl.invoke(DelegatingMethodAccessorImpl.java:43)
[2026-02-21T09:48:34.541+0000] {spark_submit.py:641} INFO - at java.base/java.lang.reflect.Method.invoke(Method.java:569)
[2026-02-21T09:48:34.541+0000] {spark_submit.py:641} INFO - at py4j.reflection.MethodInvoker.invoke(MethodInvoker.java:244)
[2026-02-21T09:48:34.542+0000] {spark_submit.py:641} INFO - at py4j.reflection.ReflectionEngine.invoke(ReflectionEngine.java:374)
[2026-02-21T09:48:34.542+0000] {spark_submit.py:641} INFO - at py4j.Gateway.invoke(Gateway.java:282)
[2026-02-21T09:48:34.542+0000] {spark_submit.py:641} INFO - at py4j.commands.AbstractCommand.invokeMethod(AbstractCommand.java:132)
[2026-02-21T09:48:34.542+0000] {spark_submit.py:641} INFO - at py4j.commands.CallCommand.execute(CallCommand.java:79)
[2026-02-21T09:48:34.542+0000] {spark_submit.py:641} INFO - at py4j.ClientServerConnection.waitForCommands(ClientServerConnection.java:182)
[2026-02-21T09:48:34.542+0000] {spark_submit.py:641} INFO - at py4j.ClientServerConnection.run(ClientServerConnection.java:106)
[2026-02-21T09:48:34.542+0000] {spark_submit.py:641} INFO - at java.base/java.lang.Thread.run(Thread.java:840)
[2026-02-21T09:48:34.542+0000] {spark_submit.py:641} INFO - Caused by: java.io.IOException: Mkdirs failed to create file:/opt/airflow/data/output/fact_transactions/_temporary/0/_temporary/attempt_202602210948336086596301971501927_0003_m_000000_6 (exists=false, cwd=file:/opt/bitnami/spark/work/app-20260221094827-0000/0)
[2026-02-21T09:48:34.542+0000] {spark_submit.py:641} INFO - at org.apache.hadoop.fs.ChecksumFileSystem.create(ChecksumFileSystem.java:515)
[2026-02-21T09:48:34.542+0000] {spark_submit.py:641} INFO - at org.apache.hadoop.fs.ChecksumFileSystem.create(ChecksumFileSystem.java:500)
[2026-02-21T09:48:34.542+0000] {spark_submit.py:641} INFO - at org.apache.hadoop.fs.FileSystem.create(FileSystem.java:1195)
[2026-02-21T09:48:34.542+0000] {spark_submit.py:641} INFO - at org.apache.hadoop.fs.FileSystem.create(FileSystem.java:1175)
[2026-02-21T09:48:34.542+0000] {spark_submit.py:641} INFO - at org.apache.parquet.hadoop.util.HadoopOutputFile.create(HadoopOutputFile.java:74)
[2026-02-21T09:48:34.542+0000] {spark_submit.py:641} INFO - at org.apache.parquet.hadoop.ParquetFileWriter.<init>(ParquetFileWriter.java:347)
[2026-02-21T09:48:34.542+0000] {spark_submit.py:641} INFO - at org.apache.parquet.hadoop.ParquetFileWriter.<init>(ParquetFileWriter.java:314)
[2026-02-21T09:48:34.542+0000] {spark_submit.py:641} INFO - at org.apache.parquet.hadoop.ParquetOutputFormat.getRecordWriter(ParquetOutputFormat.java:484)
[2026-02-21T09:48:34.542+0000] {spark_submit.py:641} INFO - at org.apache.parquet.hadoop.ParquetOutputFormat.getRecordWriter(ParquetOutputFormat.java:422)
[2026-02-21T09:48:34.542+0000] {spark_submit.py:641} INFO - at org.apache.parquet.hadoop.ParquetOutputFormat.getRecordWriter(ParquetOutputFormat.java:411)
[2026-02-21T09:48:34.542+0000] {spark_submit.py:641} INFO - at org.apache.spark.sql.execution.datasources.parquet.ParquetOutputWriter.<init>(ParquetOutputWriter.scala:36)
[2026-02-21T09:48:34.542+0000] {spark_submit.py:641} INFO - at org.apache.spark.sql.execution.datasources.parquet.ParquetUtils$$anon$1.newInstance(ParquetUtils.scala:490)
[2026-02-21T09:48:34.542+0000] {spark_submit.py:641} INFO - at org.apache.spark.sql.execution.datasources.SingleDirectoryDataWriter.newOutputWriter(FileFormatDataWriter.scala:161)
[2026-02-21T09:48:34.543+0000] {spark_submit.py:641} INFO - at org.apache.spark.sql.execution.datasources.SingleDirectoryDataWriter.<init>(FileFormatDataWriter.scala:146)
[2026-02-21T09:48:34.543+0000] {spark_submit.py:641} INFO - at org.apache.spark.sql.execution.datasources.FileFormatWriter$.executeTask(FileFormatWriter.scala:389)
[2026-02-21T09:48:34.543+0000] {spark_submit.py:641} INFO - at org.apache.spark.sql.execution.datasources.WriteFilesExec.$anonfun$doExecuteWrite$1(WriteFiles.scala:100)
[2026-02-21T09:48:34.543+0000] {spark_submit.py:641} INFO - at org.apache.spark.rdd.RDD.$anonfun$mapPartitionsInternal$2(RDD.scala:893)
[2026-02-21T09:48:34.543+0000] {spark_submit.py:641} INFO - at org.apache.spark.rdd.RDD.$anonfun$mapPartitionsInternal$2$adapted(RDD.scala:893)
[2026-02-21T09:48:34.543+0000] {spark_submit.py:641} INFO - at org.apache.spark.rdd.MapPartitionsRDD.compute(MapPartitionsRDD.scala:52)
[2026-02-21T09:48:34.543+0000] {spark_submit.py:641} INFO - at org.apache.spark.rdd.RDD.computeOrReadCheckpoint(RDD.scala:367)
[2026-02-21T09:48:34.543+0000] {spark_submit.py:641} INFO - at org.apache.spark.rdd.RDD.iterator(RDD.scala:331)
[2026-02-21T09:48:34.543+0000] {spark_submit.py:641} INFO - at org.apache.spark.scheduler.ResultTask.runTask(ResultTask.scala:93)
[2026-02-21T09:48:34.543+0000] {spark_submit.py:641} INFO - at org.apache.spark.TaskContext.runTaskWithListeners(TaskContext.scala:166)
[2026-02-21T09:48:34.543+0000] {spark_submit.py:641} INFO - at org.apache.spark.scheduler.Task.run(Task.scala:141)
[2026-02-21T09:48:34.543+0000] {spark_submit.py:641} INFO - at org.apache.spark.executor.Executor$TaskRunner.$anonfun$run$4(Executor.scala:621)
[2026-02-21T09:48:34.543+0000] {spark_submit.py:641} INFO - at org.apache.spark.util.SparkErrorUtils.tryWithSafeFinally(SparkErrorUtils.scala:64)
[2026-02-21T09:48:34.543+0000] {spark_submit.py:641} INFO - at org.apache.spark.util.SparkErrorUtils.tryWithSafeFinally$(SparkErrorUtils.scala:61)
[2026-02-21T09:48:34.543+0000] {spark_submit.py:641} INFO - at org.apache.spark.util.Utils$.tryWithSafeFinally(Utils.scala:94)
[2026-02-21T09:48:34.543+0000] {spark_submit.py:641} INFO - at org.apache.spark.executor.Executor$TaskRunner.run(Executor.scala:624)
[2026-02-21T09:48:34.543+0000] {spark_submit.py:641} INFO - at java.base/java.util.concurrent.ThreadPoolExecutor.runWorker(Unknown Source)
[2026-02-21T09:48:34.543+0000] {spark_submit.py:641} INFO - at java.base/java.util.concurrent.ThreadPoolExecutor$Worker.run(Unknown Source)
[2026-02-21T09:48:34.543+0000] {spark_submit.py:641} INFO - at java.base/java.lang.Thread.run(Unknown Source)
[2026-02-21T09:48:34.851+0000] {spark_submit.py:641} INFO - Traceback (most recent call last):
[2026-02-21T09:48:34.851+0000] {spark_submit.py:641} INFO - File "/opt/airflow/spark_jobs/batch_processing.py", line 68, in <module>
[2026-02-21T09:48:34.854+0000] {spark_submit.py:641} INFO - joined_df.write.mode("overwrite").parquet(output_path)
[2026-02-21T09:48:34.854+0000] {spark_submit.py:641} INFO - File "/home/airflow/.local/lib/python3.11/site-packages/pyspark/python/lib/pyspark.zip/pyspark/sql/readwriter.py", line 1721, in parquet
[2026-02-21T09:48:34.855+0000] {spark_submit.py:641} INFO - File "/home/airflow/.local/lib/python3.11/site-packages/pyspark/python/lib/py4j-0.10.9.7-src.zip/py4j/java_gateway.py", line 1322, in __call__
[2026-02-21T09:48:34.856+0000] {spark_submit.py:641} INFO - File "/home/airflow/.local/lib/python3.11/site-packages/pyspark/python/lib/pyspark.zip/pyspark/errors/exceptions/captured.py", line 179, in deco
[2026-02-21T09:48:34.856+0000] {spark_submit.py:641} INFO - File "/home/airflow/.local/lib/python3.11/site-packages/pyspark/python/lib/py4j-0.10.9.7-src.zip/py4j/protocol.py", line 326, in get_return_value
[2026-02-21T09:48:34.902+0000] {spark_submit.py:641} INFO - py4j.protocol.Py4JJavaError: An error occurred while calling o74.parquet.
[2026-02-21T09:48:34.902+0000] {spark_submit.py:641} INFO - : org.apache.spark.SparkException: Job aborted due to stage failure: Task 0 in stage 3.0 failed 4 times, most recent failure: Lost task 0.3 in stage 3.0 (TID 6) (172.24.0.3 executor 0): java.io.IOException: Mkdirs failed to create file:/opt/airflow/data/output/fact_transactions/_temporary/0/_temporary/attempt_202602210948336086596301971501927_0003_m_000000_6 (exists=false, cwd=file:/opt/bitnami/spark/work/app-20260221094827-0000/0)
[2026-02-21T09:48:34.902+0000] {spark_submit.py:641} INFO - at org.apache.hadoop.fs.ChecksumFileSystem.create(ChecksumFileSystem.java:515)
[2026-02-21T09:48:34.902+0000] {spark_submit.py:641} INFO - at org.apache.hadoop.fs.ChecksumFileSystem.create(ChecksumFileSystem.java:500)
[2026-02-21T09:48:34.902+0000] {spark_submit.py:641} INFO - at org.apache.hadoop.fs.FileSystem.create(FileSystem.java:1195)
[2026-02-21T09:48:34.902+0000] {spark_submit.py:641} INFO - at org.apache.hadoop.fs.FileSystem.create(FileSystem.java:1175)
[2026-02-21T09:48:34.902+0000] {spark_submit.py:641} INFO - at org.apache.parquet.hadoop.util.HadoopOutputFile.create(HadoopOutputFile.java:74)
[2026-02-21T09:48:34.902+0000] {spark_submit.py:641} INFO - at org.apache.parquet.hadoop.ParquetFileWriter.<init>(ParquetFileWriter.java:347)
[2026-02-21T09:48:34.902+0000] {spark_submit.py:641} INFO - at org.apache.parquet.hadoop.ParquetFileWriter.<init>(ParquetFileWriter.java:314)
[2026-02-21T09:48:34.902+0000] {spark_submit.py:641} INFO - at org.apache.parquet.hadoop.ParquetOutputFormat.getRecordWriter(ParquetOutputFormat.java:484)
[2026-02-21T09:48:34.902+0000] {spark_submit.py:641} INFO - at org.apache.parquet.hadoop.ParquetOutputFormat.getRecordWriter(ParquetOutputFormat.java:422)
[2026-02-21T09:48:34.903+0000] {spark_submit.py:641} INFO - at org.apache.parquet.hadoop.ParquetOutputFormat.getRecordWriter(ParquetOutputFormat.java:411)
[2026-02-21T09:48:34.903+0000] {spark_submit.py:641} INFO - at org.apache.spark.sql.execution.datasources.parquet.ParquetOutputWriter.<init>(ParquetOutputWriter.scala:36)
[2026-02-21T09:48:34.903+0000] {spark_submit.py:641} INFO - at org.apache.spark.sql.execution.datasources.parquet.ParquetUtils$$anon$1.newInstance(ParquetUtils.scala:490)
[2026-02-21T09:48:34.903+0000] {spark_submit.py:641} INFO - at org.apache.spark.sql.execution.datasources.SingleDirectoryDataWriter.newOutputWriter(FileFormatDataWriter.scala:161)
[2026-02-21T09:48:34.903+0000] {spark_submit.py:641} INFO - at org.apache.spark.sql.execution.datasources.SingleDirectoryDataWriter.<init>(FileFormatDataWriter.scala:146)
[2026-02-21T09:48:34.903+0000] {spark_submit.py:641} INFO - at org.apache.spark.sql.execution.datasources.FileFormatWriter$.executeTask(FileFormatWriter.scala:389)
[2026-02-21T09:48:34.903+0000] {spark_submit.py:641} INFO - at org.apache.spark.sql.execution.datasources.WriteFilesExec.$anonfun$doExecuteWrite$1(WriteFiles.scala:100)
[2026-02-21T09:48:34.903+0000] {spark_submit.py:641} INFO - at org.apache.spark.rdd.RDD.$anonfun$mapPartitionsInternal$2(RDD.scala:893)
[2026-02-21T09:48:34.903+0000] {spark_submit.py:641} INFO - at org.apache.spark.rdd.RDD.$anonfun$mapPartitionsInternal$2$adapted(RDD.scala:893)
[2026-02-21T09:48:34.903+0000] {spark_submit.py:641} INFO - at org.apache.spark.rdd.MapPartitionsRDD.compute(MapPartitionsRDD.scala:52)
[2026-02-21T09:48:34.903+0000] {spark_submit.py:641} INFO - at org.apache.spark.rdd.RDD.computeOrReadCheckpoint(RDD.scala:367)
[2026-02-21T09:48:34.903+0000] {spark_submit.py:641} INFO - at org.apache.spark.rdd.RDD.iterator(RDD.scala:331)
[2026-02-21T09:48:34.903+0000] {spark_submit.py:641} INFO - at org.apache.spark.scheduler.ResultTask.runTask(ResultTask.scala:93)
[2026-02-21T09:48:34.903+0000] {spark_submit.py:641} INFO - at org.apache.spark.TaskContext.runTaskWithListeners(TaskContext.scala:166)
[2026-02-21T09:48:34.903+0000] {spark_submit.py:641} INFO - at org.apache.spark.scheduler.Task.run(Task.scala:141)
[2026-02-21T09:48:34.903+0000] {spark_submit.py:641} INFO - at org.apache.spark.executor.Executor$TaskRunner.$anonfun$run$4(Executor.scala:621)
[2026-02-21T09:48:34.903+0000] {spark_submit.py:641} INFO - at org.apache.spark.util.SparkErrorUtils.tryWithSafeFinally(SparkErrorUtils.scala:64)
[2026-02-21T09:48:34.903+0000] {spark_submit.py:641} INFO - at org.apache.spark.util.SparkErrorUtils.tryWithSafeFinally$(SparkErrorUtils.scala:61)
[2026-02-21T09:48:34.903+0000] {spark_submit.py:641} INFO - at org.apache.spark.util.Utils$.tryWithSafeFinally(Utils.scala:94)
[2026-02-21T09:48:34.903+0000] {spark_submit.py:641} INFO - at org.apache.spark.executor.Executor$TaskRunner.run(Executor.scala:624)
[2026-02-21T09:48:34.903+0000] {spark_submit.py:641} INFO - at java.base/java.util.concurrent.ThreadPoolExecutor.runWorker(Unknown Source)
[2026-02-21T09:48:34.903+0000] {spark_submit.py:641} INFO - at java.base/java.util.concurrent.ThreadPoolExecutor$Worker.run(Unknown Source)
[2026-02-21T09:48:34.904+0000] {spark_submit.py:641} INFO - at java.base/java.lang.Thread.run(Unknown Source)
[2026-02-21T09:48:34.904+0000] {spark_submit.py:641} INFO - 
[2026-02-21T09:48:34.904+0000] {spark_submit.py:641} INFO - Driver stacktrace:
[2026-02-21T09:48:34.904+0000] {spark_submit.py:641} INFO - at org.apache.spark.scheduler.DAGScheduler.failJobAndIndependentStages(DAGScheduler.scala:2856)
[2026-02-21T09:48:34.904+0000] {spark_submit.py:641} INFO - at org.apache.spark.scheduler.DAGScheduler.$anonfun$abortStage$2(DAGScheduler.scala:2792)
[2026-02-21T09:48:34.904+0000] {spark_submit.py:641} INFO - at org.apache.spark.scheduler.DAGScheduler.$anonfun$abortStage$2$adapted(DAGScheduler.scala:2791)
[2026-02-21T09:48:34.904+0000] {spark_submit.py:641} INFO - at scala.collection.mutable.ResizableArray.foreach(ResizableArray.scala:62)
[2026-02-21T09:48:34.904+0000] {spark_submit.py:641} INFO - at scala.collection.mutable.ResizableArray.foreach$(ResizableArray.scala:55)
[2026-02-21T09:48:34.904+0000] {spark_submit.py:641} INFO - at scala.collection.mutable.ArrayBuffer.foreach(ArrayBuffer.scala:49)
[2026-02-21T09:48:34.904+0000] {spark_submit.py:641} INFO - at org.apache.spark.scheduler.DAGScheduler.abortStage(DAGScheduler.scala:2791)
[2026-02-21T09:48:34.904+0000] {spark_submit.py:641} INFO - at org.apache.spark.scheduler.DAGScheduler.$anonfun$handleTaskSetFailed$1(DAGScheduler.scala:1247)
[2026-02-21T09:48:34.904+0000] {spark_submit.py:641} INFO - at org.apache.spark.scheduler.DAGScheduler.$anonfun$handleTaskSetFailed$1$adapted(DAGScheduler.scala:1247)
[2026-02-21T09:48:34.904+0000] {spark_submit.py:641} INFO - at scala.Option.foreach(Option.scala:407)
[2026-02-21T09:48:34.904+0000] {spark_submit.py:641} INFO - at org.apache.spark.scheduler.DAGScheduler.handleTaskSetFailed(DAGScheduler.scala:1247)
[2026-02-21T09:48:34.904+0000] {spark_submit.py:641} INFO - at org.apache.spark.scheduler.DAGSchedulerEventProcessLoop.doOnReceive(DAGScheduler.scala:3060)
[2026-02-21T09:48:34.904+0000] {spark_submit.py:641} INFO - at org.apache.spark.scheduler.DAGSchedulerEventProcessLoop.onReceive(DAGScheduler.scala:2994)
[2026-02-21T09:48:34.904+0000] {spark_submit.py:641} INFO - at org.apache.spark.scheduler.DAGSchedulerEventProcessLoop.onReceive(DAGScheduler.scala:2983)
[2026-02-21T09:48:34.904+0000] {spark_submit.py:641} INFO - at org.apache.spark.util.EventLoop$$anon$1.run(EventLoop.scala:49)
[2026-02-21T09:48:34.904+0000] {spark_submit.py:641} INFO - at org.apache.spark.scheduler.DAGScheduler.runJob(DAGScheduler.scala:989)
[2026-02-21T09:48:34.904+0000] {spark_submit.py:641} INFO - at org.apache.spark.SparkContext.runJob(SparkContext.scala:2393)
[2026-02-21T09:48:34.904+0000] {spark_submit.py:641} INFO - at org.apache.spark.sql.execution.datasources.FileFormatWriter$.$anonfun$executeWrite$4(FileFormatWriter.scala:307)
[2026-02-21T09:48:34.904+0000] {spark_submit.py:641} INFO - at org.apache.spark.sql.execution.datasources.FileFormatWriter$.writeAndCommit(FileFormatWriter.scala:271)
[2026-02-21T09:48:34.905+0000] {spark_submit.py:641} INFO - at org.apache.spark.sql.execution.datasources.FileFormatWriter$.executeWrite(FileFormatWriter.scala:304)
[2026-02-21T09:48:34.905+0000] {spark_submit.py:641} INFO - at org.apache.spark.sql.execution.datasources.FileFormatWriter$.write(FileFormatWriter.scala:190)
[2026-02-21T09:48:34.905+0000] {spark_submit.py:641} INFO - at org.apache.spark.sql.execution.datasources.InsertIntoHadoopFsRelationCommand.run(InsertIntoHadoopFsRelationCommand.scala:190)
[2026-02-21T09:48:34.905+0000] {spark_submit.py:641} INFO - at org.apache.spark.sql.execution.command.DataWritingCommandExec.sideEffectResult$lzycompute(commands.scala:113)
[2026-02-21T09:48:34.905+0000] {spark_submit.py:641} INFO - at org.apache.spark.sql.execution.command.DataWritingCommandExec.sideEffectResult(commands.scala:111)
[2026-02-21T09:48:34.905+0000] {spark_submit.py:641} INFO - at org.apache.spark.sql.execution.command.DataWritingCommandExec.executeCollect(commands.scala:125)
[2026-02-21T09:48:34.905+0000] {spark_submit.py:641} INFO - at org.apache.spark.sql.execution.adaptive.AdaptiveSparkPlanExec.$anonfun$executeCollect$1(AdaptiveSparkPlanExec.scala:392)
[2026-02-21T09:48:34.905+0000] {spark_submit.py:641} INFO - at org.apache.spark.sql.execution.adaptive.AdaptiveSparkPlanExec.withFinalPlanUpdate(AdaptiveSparkPlanExec.scala:420)
[2026-02-21T09:48:34.905+0000] {spark_submit.py:641} INFO - at org.apache.spark.sql.execution.adaptive.AdaptiveSparkPlanExec.executeCollect(AdaptiveSparkPlanExec.scala:392)
[2026-02-21T09:48:34.905+0000] {spark_submit.py:641} INFO - at org.apache.spark.sql.execution.QueryExecution$$anonfun$eagerlyExecuteCommands$1.$anonfun$applyOrElse$1(QueryExecution.scala:107)
[2026-02-21T09:48:34.905+0000] {spark_submit.py:641} INFO - at org.apache.spark.sql.execution.SQLExecution$.$anonfun$withNewExecutionId$6(SQLExecution.scala:125)
[2026-02-21T09:48:34.905+0000] {spark_submit.py:641} INFO - at org.apache.spark.sql.execution.SQLExecution$.withSQLConfPropagated(SQLExecution.scala:201)
[2026-02-21T09:48:34.905+0000] {spark_submit.py:641} INFO - at org.apache.spark.sql.execution.SQLExecution$.$anonfun$withNewExecutionId$1(SQLExecution.scala:108)
[2026-02-21T09:48:34.905+0000] {spark_submit.py:641} INFO - at org.apache.spark.sql.SparkSession.withActive(SparkSession.scala:900)
[2026-02-21T09:48:34.905+0000] {spark_submit.py:641} INFO - at org.apache.spark.sql.execution.SQLExecution$.withNewExecutionId(SQLExecution.scala:66)
[2026-02-21T09:48:34.905+0000] {spark_submit.py:641} INFO - at org.apache.spark.sql.execution.QueryExecution$$anonfun$eagerlyExecuteCommands$1.applyOrElse(QueryExecution.scala:107)
[2026-02-21T09:48:34.905+0000] {spark_submit.py:641} INFO - at org.apache.spark.sql.execution.QueryExecution$$anonfun$eagerlyExecuteCommands$1.applyOrElse(QueryExecution.scala:98)
[2026-02-21T09:48:34.905+0000] {spark_submit.py:641} INFO - at org.apache.spark.sql.catalyst.trees.TreeNode.$anonfun$transformDownWithPruning$1(TreeNode.scala:461)
[2026-02-21T09:48:34.905+0000] {spark_submit.py:641} INFO - at org.apache.spark.sql.catalyst.trees.CurrentOrigin$.withOrigin(origin.scala:76)
[2026-02-21T09:48:34.906+0000] {spark_submit.py:641} INFO - at org.apache.spark.sql.catalyst.trees.TreeNode.transformDownWithPruning(TreeNode.scala:461)
[2026-02-21T09:48:34.906+0000] {spark_submit.py:641} INFO - at org.apache.spark.sql.catalyst.plans.logical.LogicalPlan.org$apache$spark$sql$catalyst$plans$logical$AnalysisHelper$$super$transformDownWithPruning(LogicalPlan.scala:32)
[2026-02-21T09:48:34.906+0000] {spark_submit.py:641} INFO - at org.apache.spark.sql.catalyst.plans.logical.AnalysisHelper.transformDownWithPruning(AnalysisHelper.scala:267)
[2026-02-21T09:48:34.906+0000] {spark_submit.py:641} INFO - at org.apache.spark.sql.catalyst.plans.logical.AnalysisHelper.transformDownWithPruning$(AnalysisHelper.scala:263)
[2026-02-21T09:48:34.906+0000] {spark_submit.py:641} INFO - at org.apache.spark.sql.catalyst.plans.logical.LogicalPlan.transformDownWithPruning(LogicalPlan.scala:32)
[2026-02-21T09:48:34.906+0000] {spark_submit.py:641} INFO - at org.apache.spark.sql.catalyst.plans.logical.LogicalPlan.transformDownWithPruning(LogicalPlan.scala:32)
[2026-02-21T09:48:34.906+0000] {spark_submit.py:641} INFO - at org.apache.spark.sql.catalyst.trees.TreeNode.transformDown(TreeNode.scala:437)
[2026-02-21T09:48:34.906+0000] {spark_submit.py:641} INFO - at org.apache.spark.sql.execution.QueryExecution.eagerlyExecuteCommands(QueryExecution.scala:98)
[2026-02-21T09:48:34.906+0000] {spark_submit.py:641} INFO - at org.apache.spark.sql.execution.QueryExecution.commandExecuted$lzycompute(QueryExecution.scala:85)
[2026-02-21T09:48:34.906+0000] {spark_submit.py:641} INFO - at org.apache.spark.sql.execution.QueryExecution.commandExecuted(QueryExecution.scala:83)
[2026-02-21T09:48:34.906+0000] {spark_submit.py:641} INFO - at org.apache.spark.sql.execution.QueryExecution.assertCommandExecuted(QueryExecution.scala:142)
[2026-02-21T09:48:34.906+0000] {spark_submit.py:641} INFO - at org.apache.spark.sql.DataFrameWriter.runCommand(DataFrameWriter.scala:869)
[2026-02-21T09:48:34.906+0000] {spark_submit.py:641} INFO - at org.apache.spark.sql.DataFrameWriter.saveToV1Source(DataFrameWriter.scala:391)
[2026-02-21T09:48:34.906+0000] {spark_submit.py:641} INFO - at org.apache.spark.sql.DataFrameWriter.saveInternal(DataFrameWriter.scala:364)
[2026-02-21T09:48:34.906+0000] {spark_submit.py:641} INFO - at org.apache.spark.sql.DataFrameWriter.save(DataFrameWriter.scala:243)
[2026-02-21T09:48:34.906+0000] {spark_submit.py:641} INFO - at org.apache.spark.sql.DataFrameWriter.parquet(DataFrameWriter.scala:802)
[2026-02-21T09:48:34.906+0000] {spark_submit.py:641} INFO - at java.base/jdk.internal.reflect.NativeMethodAccessorImpl.invoke0(Native Method)
[2026-02-21T09:48:34.906+0000] {spark_submit.py:641} INFO - at java.base/jdk.internal.reflect.NativeMethodAccessorImpl.invoke(NativeMethodAccessorImpl.java:77)
[2026-02-21T09:48:34.906+0000] {spark_submit.py:641} INFO - at java.base/jdk.internal.reflect.DelegatingMethodAccessorImpl.invoke(DelegatingMethodAccessorImpl.java:43)
[2026-02-21T09:48:34.906+0000] {spark_submit.py:641} INFO - at java.base/java.lang.reflect.Method.invoke(Method.java:569)
[2026-02-21T09:48:34.907+0000] {spark_submit.py:641} INFO - at py4j.reflection.MethodInvoker.invoke(MethodInvoker.java:244)
[2026-02-21T09:48:34.907+0000] {spark_submit.py:641} INFO - at py4j.reflection.ReflectionEngine.invoke(ReflectionEngine.java:374)
[2026-02-21T09:48:34.907+0000] {spark_submit.py:641} INFO - at py4j.Gateway.invoke(Gateway.java:282)
[2026-02-21T09:48:34.907+0000] {spark_submit.py:641} INFO - at py4j.commands.AbstractCommand.invokeMethod(AbstractCommand.java:132)
[2026-02-21T09:48:34.907+0000] {spark_submit.py:641} INFO - at py4j.commands.CallCommand.execute(CallCommand.java:79)
[2026-02-21T09:48:34.907+0000] {spark_submit.py:641} INFO - at py4j.ClientServerConnection.waitForCommands(ClientServerConnection.java:182)
[2026-02-21T09:48:34.907+0000] {spark_submit.py:641} INFO - at py4j.ClientServerConnection.run(ClientServerConnection.java:106)
[2026-02-21T09:48:34.907+0000] {spark_submit.py:641} INFO - at java.base/java.lang.Thread.run(Thread.java:840)
[2026-02-21T09:48:34.907+0000] {spark_submit.py:641} INFO - Caused by: java.io.IOException: Mkdirs failed to create file:/opt/airflow/data/output/fact_transactions/_temporary/0/_temporary/attempt_202602210948336086596301971501927_0003_m_000000_6 (exists=false, cwd=file:/opt/bitnami/spark/work/app-20260221094827-0000/0)
[2026-02-21T09:48:34.907+0000] {spark_submit.py:641} INFO - at org.apache.hadoop.fs.ChecksumFileSystem.create(ChecksumFileSystem.java:515)
[2026-02-21T09:48:34.907+0000] {spark_submit.py:641} INFO - at org.apache.hadoop.fs.ChecksumFileSystem.create(ChecksumFileSystem.java:500)
[2026-02-21T09:48:34.907+0000] {spark_submit.py:641} INFO - at org.apache.hadoop.fs.FileSystem.create(FileSystem.java:1195)
[2026-02-21T09:48:34.907+0000] {spark_submit.py:641} INFO - at org.apache.hadoop.fs.FileSystem.create(FileSystem.java:1175)
[2026-02-21T09:48:34.907+0000] {spark_submit.py:641} INFO - at org.apache.parquet.hadoop.util.HadoopOutputFile.create(HadoopOutputFile.java:74)
[2026-02-21T09:48:34.907+0000] {spark_submit.py:641} INFO - at org.apache.parquet.hadoop.ParquetFileWriter.<init>(ParquetFileWriter.java:347)
[2026-02-21T09:48:34.907+0000] {spark_submit.py:641} INFO - at org.apache.parquet.hadoop.ParquetFileWriter.<init>(ParquetFileWriter.java:314)
[2026-02-21T09:48:34.907+0000] {spark_submit.py:641} INFO - at org.apache.parquet.hadoop.ParquetOutputFormat.getRecordWriter(ParquetOutputFormat.java:484)
[2026-02-21T09:48:34.907+0000] {spark_submit.py:641} INFO - at org.apache.parquet.hadoop.ParquetOutputFormat.getRecordWriter(ParquetOutputFormat.java:422)
[2026-02-21T09:48:34.907+0000] {spark_submit.py:641} INFO - at org.apache.parquet.hadoop.ParquetOutputFormat.getRecordWriter(ParquetOutputFormat.java:411)
[2026-02-21T09:48:34.907+0000] {spark_submit.py:641} INFO - at org.apache.spark.sql.execution.datasources.parquet.ParquetOutputWriter.<init>(ParquetOutputWriter.scala:36)
[2026-02-21T09:48:34.907+0000] {spark_submit.py:641} INFO - at org.apache.spark.sql.execution.datasources.parquet.ParquetUtils$$anon$1.newInstance(ParquetUtils.scala:490)
[2026-02-21T09:48:34.908+0000] {spark_submit.py:641} INFO - at org.apache.spark.sql.execution.datasources.SingleDirectoryDataWriter.newOutputWriter(FileFormatDataWriter.scala:161)
[2026-02-21T09:48:34.908+0000] {spark_submit.py:641} INFO - at org.apache.spark.sql.execution.datasources.SingleDirectoryDataWriter.<init>(FileFormatDataWriter.scala:146)
[2026-02-21T09:48:34.908+0000] {spark_submit.py:641} INFO - at org.apache.spark.sql.execution.datasources.FileFormatWriter$.executeTask(FileFormatWriter.scala:389)
[2026-02-21T09:48:34.908+0000] {spark_submit.py:641} INFO - at org.apache.spark.sql.execution.datasources.WriteFilesExec.$anonfun$doExecuteWrite$1(WriteFiles.scala:100)
[2026-02-21T09:48:34.908+0000] {spark_submit.py:641} INFO - at org.apache.spark.rdd.RDD.$anonfun$mapPartitionsInternal$2(RDD.scala:893)
[2026-02-21T09:48:34.908+0000] {spark_submit.py:641} INFO - at org.apache.spark.rdd.RDD.$anonfun$mapPartitionsInternal$2$adapted(RDD.scala:893)
[2026-02-21T09:48:34.908+0000] {spark_submit.py:641} INFO - at org.apache.spark.rdd.MapPartitionsRDD.compute(MapPartitionsRDD.scala:52)
[2026-02-21T09:48:34.908+0000] {spark_submit.py:641} INFO - at org.apache.spark.rdd.RDD.computeOrReadCheckpoint(RDD.scala:367)
[2026-02-21T09:48:34.908+0000] {spark_submit.py:641} INFO - at org.apache.spark.rdd.RDD.iterator(RDD.scala:331)
[2026-02-21T09:48:34.908+0000] {spark_submit.py:641} INFO - at org.apache.spark.scheduler.ResultTask.runTask(ResultTask.scala:93)
[2026-02-21T09:48:34.908+0000] {spark_submit.py:641} INFO - at org.apache.spark.TaskContext.runTaskWithListeners(TaskContext.scala:166)
[2026-02-21T09:48:34.908+0000] {spark_submit.py:641} INFO - at org.apache.spark.scheduler.Task.run(Task.scala:141)
[2026-02-21T09:48:34.908+0000] {spark_submit.py:641} INFO - at org.apache.spark.executor.Executor$TaskRunner.$anonfun$run$4(Executor.scala:621)
[2026-02-21T09:48:34.908+0000] {spark_submit.py:641} INFO - at org.apache.spark.util.SparkErrorUtils.tryWithSafeFinally(SparkErrorUtils.scala:64)
[2026-02-21T09:48:34.908+0000] {spark_submit.py:641} INFO - at org.apache.spark.util.SparkErrorUtils.tryWithSafeFinally$(SparkErrorUtils.scala:61)
[2026-02-21T09:48:34.908+0000] {spark_submit.py:641} INFO - at org.apache.spark.util.Utils$.tryWithSafeFinally(Utils.scala:94)
[2026-02-21T09:48:34.908+0000] {spark_submit.py:641} INFO - at org.apache.spark.executor.Executor$TaskRunner.run(Executor.scala:624)
[2026-02-21T09:48:34.908+0000] {spark_submit.py:641} INFO - at java.base/java.util.concurrent.ThreadPoolExecutor.runWorker(Unknown Source)
[2026-02-21T09:48:34.908+0000] {spark_submit.py:641} INFO - at java.base/java.util.concurrent.ThreadPoolExecutor$Worker.run(Unknown Source)
[2026-02-21T09:48:34.908+0000] {spark_submit.py:641} INFO - at java.base/java.lang.Thread.run(Unknown Source)
[2026-02-21T09:48:34.908+0000] {spark_submit.py:641} INFO - 
[2026-02-21T09:48:34.956+0000] {spark_submit.py:641} INFO - 26/02/21 09:48:34 INFO SparkContext: Invoking stop() from shutdown hook
[2026-02-21T09:48:34.957+0000] {spark_submit.py:641} INFO - 26/02/21 09:48:34 INFO SparkContext: SparkContext is stopping with exitCode 0.
[2026-02-21T09:48:34.967+0000] {spark_submit.py:641} INFO - 26/02/21 09:48:34 INFO SparkUI: Stopped Spark web UI at http://ee2abc333d3f:4040
[2026-02-21T09:48:34.970+0000] {spark_submit.py:641} INFO - 26/02/21 09:48:34 INFO StandaloneSchedulerBackend: Shutting down all executors
[2026-02-21T09:48:34.971+0000] {spark_submit.py:641} INFO - 26/02/21 09:48:34 INFO StandaloneSchedulerBackend$StandaloneDriverEndpoint: Asking each executor to shut down
[2026-02-21T09:48:34.984+0000] {spark_submit.py:641} INFO - 26/02/21 09:48:34 INFO MapOutputTrackerMasterEndpoint: MapOutputTrackerMasterEndpoint stopped!
[2026-02-21T09:48:35.009+0000] {spark_submit.py:641} INFO - 26/02/21 09:48:35 INFO MemoryStore: MemoryStore cleared
[2026-02-21T09:48:35.009+0000] {spark_submit.py:641} INFO - 26/02/21 09:48:35 INFO BlockManager: BlockManager stopped
[2026-02-21T09:48:35.012+0000] {spark_submit.py:641} INFO - 26/02/21 09:48:35 INFO BlockManagerMaster: BlockManagerMaster stopped
[2026-02-21T09:48:35.014+0000] {spark_submit.py:641} INFO - 26/02/21 09:48:35 INFO OutputCommitCoordinator$OutputCommitCoordinatorEndpoint: OutputCommitCoordinator stopped!
[2026-02-21T09:48:35.039+0000] {spark_submit.py:641} INFO - 26/02/21 09:48:35 INFO SparkContext: Successfully stopped SparkContext
[2026-02-21T09:48:35.039+0000] {spark_submit.py:641} INFO - 26/02/21 09:48:35 INFO ShutdownHookManager: Shutdown hook called
[2026-02-21T09:48:35.040+0000] {spark_submit.py:641} INFO - 26/02/21 09:48:35 INFO ShutdownHookManager: Deleting directory /tmp/spark-0b620221-8af4-4010-b45b-ee3e1a185d5e
[2026-02-21T09:48:35.054+0000] {spark_submit.py:641} INFO - 26/02/21 09:48:35 INFO ShutdownHookManager: Deleting directory /tmp/spark-a2a634e8-fe44-49f7-a46b-8c421dd3cb9b/pyspark-0a28491d-52d9-4ad1-8290-790090bf5427
[2026-02-21T09:48:35.068+0000] {spark_submit.py:641} INFO - 26/02/21 09:48:35 INFO ShutdownHookManager: Deleting directory /tmp/spark-a2a634e8-fe44-49f7-a46b-8c421dd3cb9b
[2026-02-21T09:48:35.112+0000] {taskinstance.py:3313} ERROR - Task failed with exception
Traceback (most recent call last):
  File "/home/airflow/.local/lib/python3.11/site-packages/airflow/models/taskinstance.py", line 768, in _execute_task
    result = _execute_callable(context=context, **execute_callable_kwargs)
             ^^^^^^^^^^^^^^^^^^^^^^^^^^^^^^^^^^^^^^^^^^^^^^^^^^^^^^^^^^^^^
  File "/home/airflow/.local/lib/python3.11/site-packages/airflow/models/taskinstance.py", line 734, in _execute_callable
    return ExecutionCallableRunner(
           ^^^^^^^^^^^^^^^^^^^^^^^^
  File "/home/airflow/.local/lib/python3.11/site-packages/airflow/utils/operator_helpers.py", line 252, in run
    return self.func(*args, **kwargs)
           ^^^^^^^^^^^^^^^^^^^^^^^^^^
  File "/home/airflow/.local/lib/python3.11/site-packages/airflow/models/baseoperator.py", line 424, in wrapper
    return func(self, *args, **kwargs)
           ^^^^^^^^^^^^^^^^^^^^^^^^^^^
  File "/home/airflow/.local/lib/python3.11/site-packages/airflow/providers/apache/spark/operators/spark_submit.py", line 177, in execute
    self._hook.submit(self.application)
  File "/home/airflow/.local/lib/python3.11/site-packages/airflow/providers/apache/spark/hooks/spark_submit.py", line 567, in submit
    raise AirflowException(
airflow.exceptions.AirflowException: Cannot execute: spark-submit --master spark://spark-master-sbp:7077 --conf spark.master=spark://spark-master-sbp:7077 --name arrow-spark --verbose /opt/airflow/spark_jobs/batch_processing.py. Error code is: 1.
[2026-02-21T09:48:35.117+0000] {taskinstance.py:1226} INFO - Marking task as FAILED. dag_id=spark_batch_processing, task_id=run_spark_job, run_id=manual__2026-02-21T09:48:20.537056+00:00, execution_date=20260221T094820, start_date=20260221T094823, end_date=20260221T094835
[2026-02-21T09:48:35.134+0000] {taskinstance.py:341} INFO - ::group::Post task execution logs
[2026-02-21T09:48:35.135+0000] {standard_task_runner.py:124} ERROR - Failed to execute job 3 for task run_spark_job (Cannot execute: spark-submit --master spark://spark-master-sbp:7077 --conf spark.master=spark://spark-master-sbp:7077 --name arrow-spark --verbose /opt/airflow/spark_jobs/batch_processing.py. Error code is: 1.; 316)
Traceback (most recent call last):
  File "/home/airflow/.local/lib/python3.11/site-packages/airflow/task/task_runner/standard_task_runner.py", line 117, in _start_by_fork
    ret = args.func(args, dag=self.dag)
          ^^^^^^^^^^^^^^^^^^^^^^^^^^^^^
  File "/home/airflow/.local/lib/python3.11/site-packages/airflow/cli/cli_config.py", line 49, in command
    return func(*args, **kwargs)
           ^^^^^^^^^^^^^^^^^^^^^
  File "/home/airflow/.local/lib/python3.11/site-packages/airflow/utils/cli.py", line 116, in wrapper
    return f(*args, **kwargs)
           ^^^^^^^^^^^^^^^^^^
  File "/home/airflow/.local/lib/python3.11/site-packages/airflow/cli/commands/task_command.py", line 483, in task_run
    task_return_code = _run_task_by_selected_method(args, _dag, ti)
                       ^^^^^^^^^^^^^^^^^^^^^^^^^^^^^^^^^^^^^^^^^^^^
  File "/home/airflow/.local/lib/python3.11/site-packages/airflow/cli/commands/task_command.py", line 256, in _run_task_by_selected_method
    return _run_raw_task(args, ti)
           ^^^^^^^^^^^^^^^^^^^^^^^
  File "/home/airflow/.local/lib/python3.11/site-packages/airflow/cli/commands/task_command.py", line 341, in _run_raw_task
    return ti._run_raw_task(
           ^^^^^^^^^^^^^^^^^
  File "/home/airflow/.local/lib/python3.11/site-packages/airflow/utils/session.py", line 97, in wrapper
    return func(*args, session=session, **kwargs)
           ^^^^^^^^^^^^^^^^^^^^^^^^^^^^^^^^^^^^^^
  File "/home/airflow/.local/lib/python3.11/site-packages/airflow/models/taskinstance.py", line 3006, in _run_raw_task
    return _run_raw_task(
           ^^^^^^^^^^^^^^
  File "/home/airflow/.local/lib/python3.11/site-packages/airflow/models/taskinstance.py", line 274, in _run_raw_task
    TaskInstance._execute_task_with_callbacks(
  File "/home/airflow/.local/lib/python3.11/site-packages/airflow/models/taskinstance.py", line 3161, in _execute_task_with_callbacks
    result = self._execute_task(context, task_orig)
             ^^^^^^^^^^^^^^^^^^^^^^^^^^^^^^^^^^^^^^
  File "/home/airflow/.local/lib/python3.11/site-packages/airflow/models/taskinstance.py", line 3185, in _execute_task
    return _execute_task(self, context, task_orig)
           ^^^^^^^^^^^^^^^^^^^^^^^^^^^^^^^^^^^^^^^
  File "/home/airflow/.local/lib/python3.11/site-packages/airflow/models/taskinstance.py", line 768, in _execute_task
    result = _execute_callable(context=context, **execute_callable_kwargs)
             ^^^^^^^^^^^^^^^^^^^^^^^^^^^^^^^^^^^^^^^^^^^^^^^^^^^^^^^^^^^^^
  File "/home/airflow/.local/lib/python3.11/site-packages/airflow/models/taskinstance.py", line 734, in _execute_callable
    return ExecutionCallableRunner(
           ^^^^^^^^^^^^^^^^^^^^^^^^
  File "/home/airflow/.local/lib/python3.11/site-packages/airflow/utils/operator_helpers.py", line 252, in run
    return self.func(*args, **kwargs)
           ^^^^^^^^^^^^^^^^^^^^^^^^^^
  File "/home/airflow/.local/lib/python3.11/site-packages/airflow/models/baseoperator.py", line 424, in wrapper
    return func(self, *args, **kwargs)
           ^^^^^^^^^^^^^^^^^^^^^^^^^^^
  File "/home/airflow/.local/lib/python3.11/site-packages/airflow/providers/apache/spark/operators/spark_submit.py", line 177, in execute
    self._hook.submit(self.application)
  File "/home/airflow/.local/lib/python3.11/site-packages/airflow/providers/apache/spark/hooks/spark_submit.py", line 567, in submit
    raise AirflowException(
airflow.exceptions.AirflowException: Cannot execute: spark-submit --master spark://spark-master-sbp:7077 --conf spark.master=spark://spark-master-sbp:7077 --name arrow-spark --verbose /opt/airflow/spark_jobs/batch_processing.py. Error code is: 1.
[2026-02-21T09:48:35.172+0000] {local_task_job_runner.py:266} INFO - Task exited with return code 1
[2026-02-21T09:48:35.179+0000] {taskinstance.py:3901} INFO - 0 downstream tasks scheduled from follow-on schedule check
[2026-02-21T09:48:35.179+0000] {local_task_job_runner.py:245} INFO - ::endgroup::
